Order_ID,Order_Date,Customer_ID,Product_ID,Quantity,Discount,Sales,Profit,Channel,Payment_Mode,Order_Status
ORD00001,2025-10-16,CUST0596,P011,3,0.0,10884.0,4266.2,Mobile App,Cash on Delivery,Returned
ORD00002,2025-02-03,CUST0189,P008,2,0.15,10880.0,2869.5,Mobile App,Cash on Delivery,Returned
ORD00003,2025-01-05,CUST0173,P017,1,0.2,5394.4,163.67,Marketplace,Credit Card,Delivered
ORD00004,2025-12-15,CUST0244,P009,2,0.2,2140.8,560.48,Mobile App,Net Banking,Delivered
ORD00005,2025-03-02,CUST0653,P002,4,0.15,131665.0,10816.92,Website,Credit Card,Delivered
ORD00006,2025-02-15,CUST0054,P011,2,0.0,7256.0,2855.64,Website,Net Banking,Returned
ORD00007,2025-09-05,CUST0105,P005,1,0.05,12689.15,2472.71,Website,Net Banking,Returned
ORD00008,2025-07-28,CUST0448,P002,4,0.2,123920.0,28430.79,Website,Credit Card,Delivered
ORD00009,2025-01-04,CUST0054,P011,1,0.05,3446.6,853.53,Website,Net Banking,Delivered
ORD00010,2025-07-16,CUST0230,P003,2,0.1,16713.0,5524.21,Mobile App,Debit Card,Cancelled
ORD00011,2025-12-15,CUST0693,P003,2,0.2,14856.0,-191.41,Website,Debit Card,Delivered
ORD00012,2025-10-04,CUST0643,P014,1,0.15,1367.65,98.93,Mobile App,Debit Card,Delivered
ORD00013,2025-11-30,CUST0569,P008,1,0.0,6400.0,2342.71,Mobile App,Cash on Delivery,Returned
ORD00014,2025-06-24,CUST0321,P006,3,0.2,28711.2,6577.25,Website,Cash on Delivery,Cancelled
ORD00015,2025-01-05,CUST0346,P016,3,0.0,19548.0,4503.71,Marketplace,UPI,Returned
ORD00016,2025-04-23,CUST0373,P011,2,0.1,6530.4,2255.3,Mobile App,Debit Card,Delivered
ORD00017,2025-10-31,CUST0640,P018,3,0.05,25404.9,4315.09,Marketplace,Cash on Delivery,Returned
ORD00018,2025-04-15,CUST0033,P005,3,0.15,34060.35,8695.26,Website,Credit Card,Returned
ORD00019,2025-02-06,CUST0134,P004,4,0.0,165348.0,67341.21,Marketplace,Cash on Delivery,Delivered
ORD00020,2025-03-26,CUST0074,P011,1,0.2,2902.4,102.77,Mobile App,Credit Card,Delivered
ORD00021,2025-03-23,CUST0574,P013,4,0.05,5544.2,1348.37,Website,Credit Card,Cancelled
ORD00022,2025-02-16,CUST0361,P019,1,0.15,6029.9,1739.72,Website,Cash on Delivery,Delivered
ORD00023,2025-08-15,CUST0278,P001,3,0.1,152509.5,23111.19,Marketplace,Cash on Delivery,Delivered
ORD00024,2025-03-10,CUST0562,P015,4,0.0,30396.0,5465.13,Website,Credit Card,Returned
ORD00025,2025-06-13,CUST0236,P002,1,0.05,36788.75,5521.14,Marketplace,Net Banking,Delivered
ORD00026,2025-04-20,CUST0203,P015,1,0.1,6839.1,1790.77,Website,Credit Card,Returned
ORD00027,2025-11-25,CUST0627,P014,1,0.1,1448.1,355.92,Mobile App,Credit Card,Cancelled
ORD00028,2025-03-18,CUST0498,P003,3,0.0,27855.0,10263.99,Marketplace,Credit Card,Returned
ORD00029,2025-06-30,CUST0238,P008,1,0.15,5440.0,1537.68,Website,Credit Card,Cancelled
ORD00030,2025-06-28,CUST0525,P019,2,0.0,14188.0,4886.39,Website,Cash on Delivery,Delivered
ORD00031,2025-06-05,CUST0302,P001,1,0.15,48012.25,11138.86,Marketplace,Net Banking,Cancelled
ORD00032,2025-08-29,CUST0457,P016,4,0.0,26064.0,9582.57,Mobile App,Credit Card,Cancelled
ORD00033,2025-02-21,CUST0308,P008,1,0.0,6400.0,1722.7,Website,Debit Card,Delivered
ORD00034,2025-06-20,CUST0434,P010,1,0.1,10084.5,3439.77,Mobile App,Cash on Delivery,Returned
ORD00035,2025-04-02,CUST0029,P014,1,0.1,1448.1,204.32,Website,Debit Card,Delivered
ORD00036,2025-10-10,CUST0487,P015,3,0.2,18237.6,2318.56,Website,Credit Card,Cancelled
ORD00037,2025-01-21,CUST0493,P010,2,0.15,19048.5,5841.53,Marketplace,Net Banking,Delivered
ORD00038,2025-06-30,CUST0374,P009,2,0.05,2542.2,701.15,Website,Debit Card,Delivered
ORD00039,2025-02-16,CUST0016,P017,1,0.05,6405.85,1333.0,Mobile App,UPI,Returned
ORD00040,2025-02-24,CUST0694,P006,1,0.05,11364.85,3613.63,Website,UPI,Delivered
ORD00041,2025-03-02,CUST0421,P001,2,0.1,101673.0,20407.3,Mobile App,Cash on Delivery,Delivered
ORD00042,2025-09-17,CUST0566,P011,1,0.2,2902.4,293.06,Mobile App,Debit Card,Delivered
ORD00043,2025-03-07,CUST0610,P003,1,0.15,7892.25,1166.42,Website,Net Banking,Cancelled
ORD00044,2025-01-28,CUST0455,P002,1,0.0,38725.0,16112.35,Mobile App,Net Banking,Delivered
ORD00045,2025-03-29,CUST0309,P001,3,0.05,160982.25,58863.5,Website,Debit Card,Delivered
ORD00046,2025-02-26,CUST0569,P001,2,0.15,96024.5,12166.56,Mobile App,Net Banking,Delivered
ORD00047,2025-05-05,CUST0194,P002,1,0.2,30980.0,6328.36,Marketplace,Net Banking,Delivered
ORD00048,2025-06-22,CUST0253,P005,4,0.05,50756.6,18753.56,Website,UPI,Delivered
ORD00049,2025-06-25,CUST0255,P003,2,0.05,17641.5,2937.63,Website,Cash on Delivery,Cancelled
ORD00050,2025-07-30,CUST0622,P003,1,0.0,9285.0,3133.28,Mobile App,UPI,Delivered
ORD00051,2025-09-19,CUST0586,P001,4,0.05,214643.0,74899.82,Marketplace,Credit Card,Delivered
ORD00052,2025-04-15,CUST0527,P010,4,0.1,40338.0,5367.38,Website,Credit Card,Delivered
ORD00053,2025-09-03,CUST0465,P002,3,0.0,116175.0,18669.74,Website,Cash on Delivery,Cancelled
ORD00054,2025-11-05,CUST0425,P002,4,0.1,139410.0,12995.33,Marketplace,UPI,Delivered
ORD00055,2025-07-30,CUST0597,P008,4,0.0,25600.0,5122.85,Website,Debit Card,Cancelled
ORD00056,2025-09-12,CUST0360,P010,1,0.15,9524.25,1065.52,Website,Debit Card,Delivered
ORD00057,2025-12-15,CUST0153,P018,1,0.15,7576.9,477.45,Marketplace,Credit Card,Returned
ORD00058,2025-10-31,CUST0217,P001,2,0.2,90376.0,16071.95,Marketplace,UPI,Delivered
ORD00059,2025-04-29,CUST0231,P020,4,0.1,30369.6,4211.73,Website,Credit Card,Cancelled
ORD00060,2025-09-10,CUST0025,P015,2,0.2,12158.4,2408.47,Marketplace,UPI,Returned
ORD00061,2025-12-16,CUST0059,P009,3,0.15,3411.9,255.5,Mobile App,Cash on Delivery,Returned
ORD00062,2025-06-23,CUST0612,P019,1,0.05,6739.3,1421.33,Marketplace,Net Banking,Returned
ORD00063,2025-09-08,CUST0465,P008,4,0.1,23040.0,8162.08,Marketplace,UPI,Delivered
ORD00064,2025-11-06,CUST0077,P009,4,0.15,4549.2,862.47,Mobile App,Cash on Delivery,Delivered
ORD00065,2025-07-01,CUST0437,P001,1,0.2,45188.0,9288.91,Mobile App,Cash on Delivery,Cancelled
ORD00066,2025-05-19,CUST0257,P003,1,0.1,8356.5,2160.49,Website,Cash on Delivery,Returned
ORD00067,2025-03-03,CUST0325,P006,3,0.2,28711.2,364.12,Website,UPI,Returned
ORD00068,2025-06-20,CUST0367,P004,4,0.05,157080.6,44426.67,Website,Debit Card,Delivered
ORD00069,2025-11-09,CUST0450,P006,1,0.1,10766.7,1060.37,Mobile App,Debit Card,Returned
ORD00070,2025-11-07,CUST0231,P003,1,0.2,7428.0,133.76,Website,Credit Card,Returned
ORD00071,2025-03-31,CUST0615,P004,2,0.0,82674.0,34715.5,Website,Credit Card,Returned
ORD00072,2025-12-13,CUST0682,P013,2,0.1,2626.2,374.93,Website,Net Banking,Cancelled
ORD00073,2025-05-10,CUST0198,P008,3,0.15,16320.0,4509.92,Marketplace,Cash on Delivery,Delivered
ORD00074,2025-05-17,CUST0446,P003,2,0.2,14856.0,2486.63,Mobile App,Debit Card,Delivered
ORD00075,2025-12-13,CUST0164,P003,3,0.15,23676.75,728.9,Website,Cash on Delivery,Returned
ORD00076,2025-12-16,CUST0429,P014,1,0.0,1609.0,651.94,Website,Net Banking,Returned
ORD00077,2025-03-19,CUST0147,P012,2,0.1,10254.6,1421.07,Marketplace,Net Banking,Returned
ORD00078,2025-01-04,CUST0139,P019,1,0.1,6384.6,1380.19,Mobile App,Credit Card,Delivered
ORD00079,2025-07-20,CUST0019,P020,2,0.2,13497.6,1483.42,Website,Net Banking,Delivered
ORD00080,2025-10-06,CUST0376,P009,3,0.05,3813.3,1181.3,Website,Cash on Delivery,Cancelled
ORD00081,2025-12-13,CUST0425,P010,2,0.0,22410.0,4722.35,Marketplace,Cash on Delivery,Returned
ORD00082,2025-05-23,CUST0020,P016,3,0.1,17593.2,2744.12,Mobile App,Credit Card,Cancelled
ORD00083,2025-06-27,CUST0338,P020,2,0.0,16872.0,3604.67,Website,Credit Card,Cancelled
ORD00084,2025-09-24,CUST0082,P018,4,0.0,35656.0,13472.3,Website,Debit Card,Delivered
ORD00085,2025-07-04,CUST0038,P012,2,0.1,10254.6,768.13,Marketplace,Credit Card,Delivered
ORD00086,2025-06-14,CUST0031,P008,1,0.15,5440.0,1399.61,Mobile App,Cash on Delivery,Delivered
ORD00087,2025-06-13,CUST0042,P009,3,0.1,3612.6,906.9,Mobile App,Cash on Delivery,Delivered
ORD00088,2025-11-15,CUST0044,P017,1,0.05,6405.85,871.81,Mobile App,Net Banking,Returned
ORD00089,2025-06-11,CUST0305,P019,3,0.05,20217.9,3565.84,Website,Credit Card,Delivered
ORD00090,2025-10-14,CUST0043,P008,4,0.2,20480.0,2502.22,Marketplace,Cash on Delivery,Delivered
ORD00091,2025-07-22,CUST0434,P007,1,0.15,8335.1,1722.79,Marketplace,Debit Card,Delivered
ORD00092,2025-01-22,CUST0025,P010,1,0.15,9524.25,778.14,Marketplace,Net Banking,Delivered
ORD00093,2025-05-16,CUST0464,P005,1,0.2,10685.6,-325.64,Website,UPI,Cancelled
ORD00094,2025-07-31,CUST0148,P001,1,0.2,45188.0,2468.54,Marketplace,UPI,Delivered
ORD00095,2025-11-21,CUST0249,P005,1,0.05,12689.15,1582.85,Marketplace,UPI,Returned
ORD00096,2025-09-13,CUST0564,P008,2,0.1,11520.0,2764.87,Mobile App,Debit Card,Delivered
ORD00097,2025-09-24,CUST0650,P015,3,0.05,21657.15,5282.84,Mobile App,Debit Card,Delivered
ORD00098,2025-07-31,CUST0059,P014,1,0.1,1448.1,229.61,Website,Net Banking,Delivered
ORD00099,2025-10-23,CUST0658,P016,4,0.2,20851.2,1208.56,Mobile App,Cash on Delivery,Delivered
ORD00100,2025-12-14,CUST0441,P016,2,0.1,11728.8,1509.7,Website,Credit Card,Delivered
ORD00101,2025-05-25,CUST0696,P010,3,0.05,31934.25,8062.61,Website,Cash on Delivery,Delivered
ORD00102,2025-05-21,CUST0158,P001,1,0.15,48012.25,6257.88,Marketplace,UPI,Cancelled
ORD00103,2025-04-20,CUST0408,P003,2,0.2,14856.0,2767.17,Website,Debit Card,Delivered
ORD00104,2025-02-10,CUST0060,P015,1,0.2,6079.2,-254.22,Mobile App,UPI,Cancelled
ORD00105,2025-06-16,CUST0314,P008,1,0.0,6400.0,1292.58,Website,UPI,Returned
ORD00106,2025-09-15,CUST0079,P005,3,0.05,38067.45,10170.55,Website,Cash on Delivery,Cancelled
ORD00107,2025-01-21,CUST0067,P019,2,0.2,11350.4,143.05,Marketplace,Cash on Delivery,Delivered
ORD00108,2025-06-24,CUST0371,P014,2,0.05,3057.1,944.55,Mobile App,Net Banking,Cancelled
ORD00109,2025-04-17,CUST0371,P004,1,0.05,39270.15,9312.55,Mobile App,Net Banking,Cancelled
ORD00110,2025-03-30,CUST0185,P004,3,0.0,124011.0,44894.88,Website,Net Banking,Delivered
ORD00111,2025-11-19,CUST0103,P007,2,0.1,17650.8,5954.31,Mobile App,UPI,Cancelled
ORD00112,2025-10-29,CUST0213,P007,1,0.15,8335.1,1652.51,Mobile App,Credit Card,Delivered
ORD00113,2025-06-18,CUST0601,P002,4,0.1,139410.0,10850.97,Marketplace,Debit Card,Delivered
ORD00114,2025-08-09,CUST0665,P019,3,0.15,18089.7,2561.14,Mobile App,Net Banking,Returned
ORD00115,2025-02-27,CUST0631,P016,1,0.1,5864.4,1042.05,Mobile App,Credit Card,Delivered
ORD00116,2025-09-22,CUST0075,P020,4,0.05,32056.8,11814.55,Website,Cash on Delivery,Delivered
ORD00117,2025-04-14,CUST0066,P004,4,0.05,157080.6,27933.51,Marketplace,Debit Card,Delivered
ORD00118,2025-02-02,CUST0445,P007,3,0.2,23534.4,968.64,Mobile App,Credit Card,Returned
ORD00119,2025-07-01,CUST0007,P009,1,0.2,1070.4,202.59,Marketplace,Credit Card,Cancelled
ORD00120,2025-06-06,CUST0629,P019,3,0.1,19153.8,1324.13,Website,UPI,Delivered
ORD00121,2025-01-16,CUST0211,P009,3,0.1,3612.6,845.09,Marketplace,Cash on Delivery,Delivered
ORD00122,2025-07-06,CUST0381,P019,1,0.0,7094.0,1396.72,Mobile App,Cash on Delivery,Delivered
ORD00123,2025-03-07,CUST0556,P019,1,0.1,6384.6,1391.68,Website,Net Banking,Cancelled
ORD00124,2025-07-01,CUST0585,P002,1,0.2,30980.0,4603.79,Mobile App,UPI,Delivered
ORD00125,2025-09-23,CUST0065,P019,3,0.1,19153.8,1579.52,Mobile App,Cash on Delivery,Delivered
ORD00126,2025-01-07,CUST0039,P014,4,0.15,5470.6,1513.77,Website,Credit Card,Cancelled
ORD00127,2025-02-14,CUST0565,P012,2,0.15,9684.9,2994.61,Mobile App,UPI,Delivered
ORD00128,2025-06-15,CUST0570,P007,2,0.2,15689.6,-345.34,Mobile App,Net Banking,Cancelled
ORD00129,2025-04-16,CUST0620,P015,2,0.15,12918.3,1065.04,Website,Credit Card,Delivered
ORD00130,2025-02-20,CUST0269,P014,1,0.15,1367.65,66.04,Marketplace,Credit Card,Delivered
ORD00131,2025-11-22,CUST0443,P014,2,0.15,2735.3,390.23,Marketplace,Cash on Delivery,Delivered
ORD00132,2025-03-28,CUST0056,P011,2,0.0,7256.0,1421.87,Mobile App,Credit Card,Returned
ORD00133,2025-03-02,CUST0536,P004,3,0.15,105409.35,13947.19,Mobile App,Net Banking,Returned
ORD00134,2025-04-28,CUST0099,P001,1,0.05,53660.75,9150.88,Website,Cash on Delivery,Cancelled
ORD00135,2025-11-28,CUST0155,P014,4,0.05,6114.2,1320.58,Website,Credit Card,Delivered
ORD00136,2025-01-25,CUST0299,P008,1,0.0,6400.0,2624.66,Mobile App,Credit Card,Delivered
ORD00137,2025-11-23,CUST0610,P014,4,0.0,6436.0,1146.3,Marketplace,Cash on Delivery,Delivered
ORD00138,2025-09-03,CUST0462,P020,1,0.05,8014.2,2095.01,Website,UPI,Delivered
ORD00139,2025-09-20,CUST0493,P011,1,0.2,2902.4,644.58,Mobile App,UPI,Cancelled
ORD00140,2025-01-02,CUST0544,P002,4,0.15,131665.0,4917.91,Website,UPI,Cancelled
ORD00141,2025-11-14,CUST0228,P004,3,0.0,124011.0,35883.38,Marketplace,Net Banking,Cancelled
ORD00142,2025-11-11,CUST0225,P006,1,0.0,11963.0,2967.11,Mobile App,Cash on Delivery,Returned
ORD00143,2025-04-17,CUST0155,P020,3,0.0,25308.0,6945.18,Website,Credit Card,Cancelled
ORD00144,2025-12-29,CUST0293,P005,4,0.15,45413.8,11525.64,Marketplace,Credit Card,Returned
ORD00145,2025-10-07,CUST0686,P015,1,0.2,6079.2,-257.44,Marketplace,Debit Card,Delivered
ORD00146,2025-02-21,CUST0592,P003,1,0.05,8820.75,1384.12,Website,Debit Card,Delivered
ORD00147,2025-03-17,CUST0622,P015,1,0.1,6839.1,925.34,Mobile App,Net Banking,Cancelled
ORD00148,2025-02-08,CUST0659,P007,1,0.05,9315.7,3610.52,Website,UPI,Cancelled
ORD00149,2025-07-28,CUST0430,P008,1,0.2,5120.0,766.74,Marketplace,Net Banking,Delivered
ORD00150,2025-01-31,CUST0235,P006,4,0.0,47852.0,8740.34,Marketplace,UPI,Delivered
ORD00151,2025-01-29,CUST0076,P001,4,0.15,192049.0,13942.04,Website,Net Banking,Delivered
ORD00152,2025-05-10,CUST0357,P010,2,0.1,20169.0,3054.75,Mobile App,Debit Card,Delivered
ORD00153,2025-08-15,CUST0429,P016,1,0.15,5538.6,1598.85,Website,Cash on Delivery,Cancelled
ORD00154,2025-05-08,CUST0447,P013,4,0.1,5252.4,1451.47,Website,Cash on Delivery,Cancelled
ORD00155,2025-07-02,CUST0282,P015,1,0.1,6839.1,1975.72,Mobile App,UPI,Delivered
ORD00156,2025-02-23,CUST0639,P004,1,0.0,41337.0,11643.63,Website,Debit Card,Returned
ORD00157,2025-10-03,CUST0390,P014,3,0.1,4344.3,1083.89,Website,Cash on Delivery,Delivered
ORD00158,2025-12-06,CUST0094,P009,1,0.2,1070.4,275.78,Marketplace,Credit Card,Returned
ORD00159,2025-04-22,CUST0041,P017,2,0.0,13486.0,3392.72,Mobile App,UPI,Delivered
ORD00160,2025-04-01,CUST0387,P007,2,0.0,19612.0,3190.43,Marketplace,Cash on Delivery,Cancelled
ORD00161,2025-05-26,CUST0619,P011,3,0.05,10339.8,2072.69,Mobile App,Credit Card,Delivered
ORD00162,2025-04-18,CUST0139,P019,1,0.0,7094.0,2810.23,Marketplace,Debit Card,Cancelled
ORD00163,2025-02-05,CUST0576,P020,3,0.2,20246.4,4633.25,Marketplace,UPI,Returned
ORD00164,2025-02-04,CUST0127,P009,1,0.0,1338.0,539.72,Marketplace,UPI,Delivered
ORD00165,2025-02-27,CUST0075,P006,1,0.0,11963.0,4582.06,Marketplace,Cash on Delivery,Cancelled
ORD00166,2025-08-19,CUST0068,P014,3,0.1,4344.3,389.13,Website,UPI,Delivered
ORD00167,2025-12-20,CUST0104,P019,1,0.15,6029.9,1161.11,Website,Cash on Delivery,Delivered
ORD00168,2025-04-16,CUST0244,P019,4,0.15,24119.6,5135.77,Website,Cash on Delivery,Delivered
ORD00169,2025-12-10,CUST0299,P003,1,0.05,8820.75,1497.24,Mobile App,Debit Card,Cancelled
ORD00170,2025-02-15,CUST0453,P007,1,0.05,9315.7,3443.0,Website,Net Banking,Delivered
ORD00171,2025-03-15,CUST0391,P003,3,0.1,25069.5,7605.59,Mobile App,UPI,Delivered
ORD00172,2025-10-19,CUST0356,P006,2,0.1,21533.4,3598.97,Marketplace,Credit Card,Delivered
ORD00173,2025-03-08,CUST0435,P001,1,0.1,50836.5,17857.58,Mobile App,Debit Card,Cancelled
ORD00174,2025-05-09,CUST0591,P016,3,0.05,18570.6,6529.55,Mobile App,Debit Card,Delivered
ORD00175,2025-03-26,CUST0192,P009,2,0.0,2676.0,516.93,Mobile App,Cash on Delivery,Delivered
ORD00176,2025-07-16,CUST0151,P005,1,0.05,12689.15,1863.01,Mobile App,Credit Card,Returned
ORD00177,2025-12-06,CUST0395,P013,1,0.0,1459.0,593.6,Mobile App,Debit Card,Delivered
ORD00178,2025-09-07,CUST0491,P008,1,0.0,6400.0,1901.61,Website,UPI,Returned
ORD00179,2025-03-02,CUST0519,P003,2,0.15,15784.5,4561.34,Mobile App,Cash on Delivery,Delivered
ORD00180,2025-03-02,CUST0165,P012,1,0.15,4842.45,886.06,Website,UPI,Delivered
ORD00181,2025-06-23,CUST0219,P002,1,0.15,32916.25,5731.94,Marketplace,UPI,Delivered
ORD00182,2025-04-21,CUST0009,P005,2,0.05,25378.3,6522.72,Marketplace,Net Banking,Returned
ORD00183,2025-09-26,CUST0041,P019,1,0.0,7094.0,1238.89,Website,Credit Card,Cancelled
ORD00184,2025-04-19,CUST0283,P014,1,0.2,1287.2,-7.74,Website,UPI,Returned
ORD00185,2025-08-24,CUST0207,P018,1,0.15,7576.9,265.06,Marketplace,Credit Card,Delivered
ORD00186,2025-02-20,CUST0435,P009,4,0.15,4549.2,567.0,Website,Debit Card,Delivered
ORD00187,2025-09-01,CUST0053,P003,1,0.0,9285.0,2201.44,Mobile App,Debit Card,Delivered
ORD00188,2025-09-21,CUST0686,P011,2,0.0,7256.0,1863.61,Website,Cash on Delivery,Delivered
ORD00189,2025-12-07,CUST0538,P010,2,0.05,21289.5,3790.28,Marketplace,Credit Card,Delivered
ORD00190,2025-06-14,CUST0327,P017,1,0.15,5731.55,411.69,Marketplace,UPI,Delivered
ORD00191,2025-01-09,CUST0199,P014,3,0.05,4585.65,907.77,Marketplace,Cash on Delivery,Delivered
ORD00192,2025-05-27,CUST0356,P003,2,0.05,17641.5,2766.49,Mobile App,Credit Card,Delivered
ORD00193,2025-02-03,CUST0328,P004,1,0.1,37203.3,6958.72,Mobile App,UPI,Delivered
ORD00194,2025-04-30,CUST0615,P018,1,0.1,8022.6,654.44,Website,Cash on Delivery,Delivered
ORD00195,2025-04-19,CUST0417,P004,2,0.15,70272.9,7864.46,Marketplace,Credit Card,Delivered
ORD00196,2025-08-22,CUST0652,P005,4,0.15,45413.8,11620.8,Mobile App,Credit Card,Delivered
ORD00197,2025-07-31,CUST0027,P007,1,0.15,8335.1,2195.05,Marketplace,UPI,Cancelled
ORD00198,2025-01-01,CUST0500,P011,1,0.05,3446.6,1117.45,Website,Net Banking,Delivered
ORD00199,2025-10-08,CUST0342,P009,2,0.15,2274.6,391.99,Marketplace,Cash on Delivery,Delivered
ORD00200,2025-05-21,CUST0629,P012,1,0.05,5412.15,1275.29,Mobile App,Credit Card,Delivered
ORD00201,2025-01-30,CUST0397,P001,2,0.05,107321.5,24721.52,Website,Credit Card,Returned
ORD00202,2025-08-20,CUST0355,P007,1,0.0,9806.0,2625.53,Mobile App,Debit Card,Cancelled
ORD00203,2025-05-18,CUST0346,P018,3,0.05,25404.9,3913.49,Marketplace,Cash on Delivery,Delivered
ORD00204,2025-02-23,CUST0656,P020,1,0.15,7170.6,271.29,Website,Debit Card,Delivered
ORD00205,2025-08-04,CUST0692,P014,1,0.05,1528.55,231.19,Website,Net Banking,Returned
ORD00206,2025-12-01,CUST0420,P020,4,0.1,30369.6,3717.5,Marketplace,Net Banking,Cancelled
ORD00207,2025-12-03,CUST0667,P009,1,0.15,1137.3,276.47,Marketplace,Net Banking,Delivered
ORD00208,2025-02-08,CUST0500,P007,2,0.2,15689.6,3332.12,Marketplace,Debit Card,Cancelled
ORD00209,2025-05-11,CUST0607,P020,2,0.05,16028.4,2472.49,Marketplace,Credit Card,Returned
ORD00210,2025-02-07,CUST0625,P011,1,0.2,2902.4,555.32,Marketplace,UPI,Cancelled
ORD00211,2025-06-17,CUST0574,P011,3,0.15,9251.4,2337.81,Website,Cash on Delivery,Returned
ORD00212,2025-06-16,CUST0004,P010,1,0.05,10644.75,2789.7,Website,Cash on Delivery,Delivered
ORD00213,2025-03-10,CUST0208,P006,1,0.2,9570.4,1359.35,Marketplace,Credit Card,Delivered
ORD00214,2025-09-11,CUST0531,P020,3,0.1,22777.2,5597.55,Mobile App,Credit Card,Delivered
ORD00215,2025-02-27,CUST0064,P001,3,0.05,160982.25,23974.84,Website,Net Banking,Delivered
ORD00216,2025-02-09,CUST0398,P011,2,0.2,5804.8,802.48,Mobile App,Net Banking,Returned
ORD00217,2025-06-26,CUST0255,P014,1,0.2,1287.2,126.85,Marketplace,Cash on Delivery,Delivered
ORD00218,2025-12-13,CUST0496,P001,1,0.15,48012.25,5071.75,Marketplace,Credit Card,Returned
ORD00219,2025-05-30,CUST0188,P011,1,0.0,3628.0,615.87,Marketplace,Credit Card,Delivered
ORD00220,2025-04-11,CUST0308,P006,3,0.2,28711.2,-1121.31,Mobile App,Debit Card,Delivered
ORD00221,2025-12-07,CUST0014,P007,1,0.0,9806.0,2585.91,Marketplace,UPI,Delivered
ORD00222,2025-10-15,CUST0435,P003,1,0.2,7428.0,751.52,Mobile App,UPI,Delivered
ORD00223,2025-02-13,CUST0082,P011,4,0.0,14512.0,2936.6,Marketplace,Credit Card,Delivered
ORD00224,2025-12-31,CUST0464,P020,1,0.05,8014.2,2738.5,Website,UPI,Delivered
ORD00225,2025-04-12,CUST0567,P018,1,0.0,8914.0,1577.8,Website,Cash on Delivery,Delivered
ORD00226,2025-05-30,CUST0146,P008,1,0.2,5120.0,827.37,Mobile App,Cash on Delivery,Delivered
ORD00227,2025-05-16,CUST0173,P016,1,0.0,6516.0,1165.86,Website,Debit Card,Delivered
ORD00228,2025-05-15,CUST0190,P007,1,0.2,7844.8,2023.91,Website,Debit Card,Delivered
ORD00229,2025-11-06,CUST0312,P004,2,0.15,70272.9,19289.76,Marketplace,UPI,Delivered
ORD00230,2025-01-09,CUST0413,P013,4,0.15,4960.6,991.18,Website,Debit Card,Delivered
ORD00231,2025-10-28,CUST0056,P005,4,0.15,45413.8,13116.87,Website,Credit Card,Returned
ORD00232,2025-04-29,CUST0196,P018,4,0.15,30307.6,2291.61,Marketplace,UPI,Returned
ORD00233,2025-04-09,CUST0225,P001,2,0.15,96024.5,26442.42,Marketplace,Credit Card,Delivered
ORD00234,2025-05-13,CUST0072,P018,4,0.15,30307.6,7393.63,Marketplace,Cash on Delivery,Cancelled
ORD00235,2025-01-16,CUST0295,P002,2,0.1,69705.0,10196.18,Website,UPI,Delivered
ORD00236,2025-12-20,CUST0541,P018,2,0.1,16045.2,4724.76,Mobile App,Net Banking,Delivered
ORD00237,2025-12-06,CUST0439,P015,1,0.05,7219.05,863.06,Mobile App,Credit Card,Delivered
ORD00238,2025-06-23,CUST0482,P018,1,0.05,8468.3,2225.28,Marketplace,Debit Card,Returned
ORD00239,2025-01-29,CUST0634,P006,1,0.2,9570.4,388.69,Marketplace,Debit Card,Delivered
ORD00240,2025-05-02,CUST0557,P008,1,0.0,6400.0,2147.15,Website,Credit Card,Delivered
ORD00241,2025-03-03,CUST0122,P003,2,0.0,18570.0,6844.83,Marketplace,Net Banking,Delivered
ORD00242,2025-02-08,CUST0042,P004,3,0.15,105409.35,16418.06,Website,UPI,Cancelled
ORD00243,2025-05-10,CUST0114,P018,2,0.15,15153.8,2572.27,Marketplace,Net Banking,Delivered
ORD00244,2025-12-31,CUST0148,P020,2,0.1,15184.8,1660.27,Mobile App,Debit Card,Cancelled
ORD00245,2025-02-23,CUST0534,P020,2,0.1,15184.8,2684.78,Mobile App,UPI,Delivered
ORD00246,2025-10-13,CUST0570,P014,1,0.0,1609.0,316.76,Website,UPI,Returned
ORD00247,2025-12-03,CUST0653,P014,3,0.2,3861.6,1017.86,Website,Debit Card,Returned
ORD00248,2025-12-24,CUST0505,P011,2,0.0,7256.0,2774.29,Website,UPI,Delivered
ORD00249,2025-12-25,CUST0067,P016,1,0.05,6190.2,1512.97,Website,Debit Card,Delivered
ORD00250,2025-07-28,CUST0351,P008,4,0.2,20480.0,1614.0,Website,Credit Card,Delivered
ORD00251,2025-07-05,CUST0056,P004,2,0.15,70272.9,7105.4,Website,Credit Card,Returned
ORD00252,2025-07-17,CUST0075,P017,2,0.0,13486.0,5342.64,Mobile App,Credit Card,Delivered
ORD00253,2025-07-21,CUST0358,P016,2,0.1,11728.8,1599.31,Marketplace,Credit Card,Delivered
ORD00254,2025-09-09,CUST0311,P019,3,0.05,20217.9,2808.51,Website,Net Banking,Delivered
ORD00255,2025-09-20,CUST0456,P016,4,0.05,24760.8,9456.25,Mobile App,Credit Card,Cancelled
ORD00256,2025-06-24,CUST0192,P020,1,0.1,7592.4,2320.48,Marketplace,Credit Card,Returned
ORD00257,2025-10-22,CUST0501,P014,1,0.0,1609.0,314.73,Mobile App,UPI,Delivered
ORD00258,2025-06-17,CUST0044,P016,2,0.0,13032.0,2425.99,Website,Debit Card,Delivered
ORD00259,2025-06-30,CUST0307,P017,1,0.1,6068.7,1500.93,Mobile App,Cash on Delivery,Delivered
ORD00260,2025-12-13,CUST0406,P011,1,0.05,3446.6,1330.48,Mobile App,Net Banking,Delivered
ORD00261,2025-03-29,CUST0339,P010,4,0.0,44820.0,7280.25,Website,Debit Card,Delivered
ORD00262,2025-06-07,CUST0529,P015,2,0.1,13678.2,3359.15,Website,Credit Card,Cancelled
ORD00263,2025-01-29,CUST0475,P001,3,0.1,152509.5,24668.07,Mobile App,Credit Card,Delivered
ORD00264,2025-12-13,CUST0247,P006,4,0.05,45459.4,7040.67,Marketplace,UPI,Cancelled
ORD00265,2025-08-25,CUST0464,P014,2,0.1,2896.2,636.34,Marketplace,Credit Card,Delivered
ORD00266,2025-03-02,CUST0599,P007,1,0.05,9315.7,3465.0,Mobile App,UPI,Delivered
ORD00267,2025-02-04,CUST0031,P006,1,0.1,10766.7,3608.4,Mobile App,UPI,Delivered
ORD00268,2025-06-09,CUST0577,P003,4,0.15,31569.0,3846.99,Mobile App,Cash on Delivery,Delivered
ORD00269,2025-06-26,CUST0218,P016,3,0.2,15638.4,1909.39,Marketplace,Debit Card,Delivered
ORD00270,2025-09-23,CUST0455,P018,2,0.0,17828.0,4707.13,Website,Cash on Delivery,Returned
ORD00271,2025-12-07,CUST0319,P007,2,0.0,19612.0,3747.46,Website,Credit Card,Delivered
ORD00272,2025-12-04,CUST0587,P011,1,0.2,2902.4,455.49,Marketplace,UPI,Cancelled
ORD00273,2025-08-10,CUST0595,P007,1,0.15,8335.1,1141.16,Website,Credit Card,Returned
ORD00274,2025-09-21,CUST0625,P014,1,0.05,1528.55,376.25,Marketplace,Debit Card,Delivered
ORD00275,2025-04-23,CUST0663,P009,1,0.2,1070.4,15.46,Mobile App,Cash on Delivery,Delivered
ORD00276,2025-04-14,CUST0393,P020,2,0.0,16872.0,3007.61,Mobile App,Debit Card,Delivered
ORD00277,2025-09-14,CUST0507,P008,2,0.05,12160.0,3101.04,Website,Credit Card,Cancelled
ORD00278,2025-03-26,CUST0419,P005,2,0.2,21371.2,-374.14,Website,UPI,Cancelled
ORD00279,2025-07-05,CUST0414,P009,4,0.0,5352.0,1039.35,Website,UPI,Delivered
ORD00280,2025-12-31,CUST0523,P010,2,0.0,22410.0,4160.34,Website,Net Banking,Returned
ORD00281,2025-03-20,CUST0600,P011,1,0.2,2902.4,596.88,Marketplace,Cash on Delivery,Delivered
ORD00282,2025-05-13,CUST0645,P002,2,0.05,73577.5,16531.77,Marketplace,Debit Card,Delivered
ORD00283,2025-08-28,CUST0286,P011,2,0.05,6893.2,1716.49,Website,UPI,Delivered
ORD00284,2025-03-26,CUST0217,P011,4,0.1,13060.8,1235.83,Marketplace,Credit Card,Cancelled
ORD00285,2025-03-31,CUST0286,P016,1,0.05,6190.2,1535.58,Website,Net Banking,Delivered
ORD00286,2025-02-26,CUST0369,P020,4,0.05,32056.8,3922.17,Marketplace,Cash on Delivery,Cancelled
ORD00287,2025-08-06,CUST0211,P017,3,0.05,19217.55,6051.3,Marketplace,UPI,Returned
ORD00288,2025-02-05,CUST0644,P011,1,0.15,3083.8,159.61,Marketplace,Cash on Delivery,Delivered
ORD00289,2025-04-21,CUST0151,P007,1,0.15,8335.1,2210.12,Marketplace,Debit Card,Returned
ORD00290,2025-04-27,CUST0286,P009,4,0.05,5084.4,593.56,Website,Cash on Delivery,Delivered
ORD00291,2025-03-24,CUST0110,P002,2,0.15,65832.5,14806.2,Marketplace,Credit Card,Returned
ORD00292,2025-06-11,CUST0376,P017,1,0.05,6405.85,2156.33,Website,Net Banking,Delivered
ORD00293,2025-08-14,CUST0324,P013,1,0.15,1240.15,211.96,Marketplace,Cash on Delivery,Returned
ORD00294,2025-08-30,CUST0676,P008,1,0.15,5440.0,865.2,Marketplace,Net Banking,Delivered
ORD00295,2025-06-30,CUST0602,P001,2,0.05,107321.5,34957.69,Marketplace,Cash on Delivery,Delivered
ORD00296,2025-08-06,CUST0266,P018,2,0.0,17828.0,5846.45,Mobile App,Debit Card,Returned
ORD00297,2025-10-21,CUST0452,P006,3,0.05,34094.55,8937.23,Marketplace,UPI,Delivered
ORD00298,2025-11-19,CUST0117,P018,4,0.15,30307.6,6340.96,Marketplace,Cash on Delivery,Returned
ORD00299,2025-12-01,CUST0611,P006,2,0.1,21533.4,6682.96,Marketplace,UPI,Delivered
ORD00300,2025-07-24,CUST0353,P004,3,0.1,111609.9,17827.64,Mobile App,Net Banking,Cancelled
ORD00301,2025-03-22,CUST0465,P016,3,0.05,18570.6,5504.42,Marketplace,Net Banking,Returned
ORD00302,2025-03-11,CUST0652,P004,3,0.05,117810.45,36673.7,Website,Net Banking,Delivered
ORD00303,2025-05-21,CUST0662,P002,4,0.15,131665.0,24069.69,Mobile App,Net Banking,Delivered
ORD00304,2025-06-16,CUST0581,P012,1,0.2,4557.6,465.38,Marketplace,Cash on Delivery,Delivered
ORD00305,2025-11-08,CUST0130,P013,1,0.1,1313.1,320.03,Marketplace,Debit Card,Delivered
ORD00306,2025-11-18,CUST0449,P006,1,0.15,10168.55,3021.01,Marketplace,UPI,Delivered
ORD00307,2025-03-24,CUST0372,P009,1,0.1,1204.2,142.39,Marketplace,Cash on Delivery,Delivered
ORD00308,2025-03-13,CUST0417,P020,1,0.05,8014.2,2661.37,Website,Debit Card,Delivered
ORD00309,2025-03-04,CUST0078,P019,1,0.0,7094.0,2174.15,Marketplace,UPI,Delivered
ORD00310,2025-02-15,CUST0328,P011,2,0.2,5804.8,-142.99,Website,Cash on Delivery,Delivered
ORD00311,2025-07-17,CUST0192,P019,1,0.15,6029.9,331.73,Mobile App,UPI,Delivered
ORD00312,2025-01-20,CUST0336,P011,2,0.05,6893.2,841.94,Website,UPI,Delivered
ORD00313,2025-12-29,CUST0213,P014,1,0.0,1609.0,666.66,Marketplace,Credit Card,Delivered
ORD00314,2025-04-12,CUST0120,P012,2,0.05,10824.3,3898.46,Marketplace,Debit Card,Delivered
ORD00315,2025-08-11,CUST0253,P004,1,0.0,41337.0,6839.52,Mobile App,Cash on Delivery,Returned
ORD00316,2025-01-13,CUST0261,P014,1,0.15,1367.65,337.11,Marketplace,Credit Card,Delivered
ORD00317,2025-11-17,CUST0649,P019,1,0.05,6739.3,1160.85,Marketplace,UPI,Returned
ORD00318,2025-01-18,CUST0244,P010,2,0.2,17928.0,964.0,Mobile App,Net Banking,Cancelled
ORD00319,2025-01-12,CUST0633,P006,1,0.15,10168.55,1864.58,Marketplace,Debit Card,Returned
ORD00320,2025-10-15,CUST0359,P020,2,0.05,16028.4,2472.63,Marketplace,Credit Card,Returned
ORD00321,2025-11-27,CUST0132,P004,1,0.15,35136.45,9477.65,Website,Net Banking,Cancelled
ORD00322,2025-12-09,CUST0569,P012,1,0.1,5127.3,1209.66,Website,Net Banking,Returned
ORD00323,2025-09-03,CUST0358,P005,3,0.15,34060.35,7341.92,Marketplace,Net Banking,Delivered
ORD00324,2025-04-19,CUST0562,P014,1,0.15,1367.65,354.58,Marketplace,Net Banking,Delivered
ORD00325,2025-10-14,CUST0682,P018,2,0.1,16045.2,4229.67,Mobile App,Net Banking,Delivered
ORD00326,2025-09-08,CUST0587,P017,1,0.2,5394.4,-20.19,Mobile App,UPI,Returned
ORD00327,2025-02-12,CUST0139,P012,4,0.0,22788.0,8687.66,Marketplace,Cash on Delivery,Delivered
ORD00328,2025-01-03,CUST0115,P013,2,0.2,2334.4,317.79,Website,Net Banking,Delivered
ORD00329,2025-02-28,CUST0344,P002,1,0.15,32916.25,7670.44,Marketplace,Cash on Delivery,Returned
ORD00330,2025-08-18,CUST0378,P001,3,0.1,152509.5,50641.11,Marketplace,Debit Card,Delivered
ORD00331,2025-06-03,CUST0534,P001,1,0.15,48012.25,2997.96,Website,UPI,Delivered
ORD00332,2025-09-18,CUST0666,P001,1,0.1,50836.5,15054.38,Marketplace,Net Banking,Returned
ORD00333,2025-11-28,CUST0140,P013,4,0.2,4668.8,232.91,Mobile App,Cash on Delivery,Delivered
ORD00334,2025-01-24,CUST0175,P008,2,0.15,10880.0,266.77,Marketplace,Credit Card,Delivered
ORD00335,2025-10-04,CUST0587,P004,1,0.2,33069.6,-1527.57,Marketplace,Credit Card,Delivered
ORD00336,2025-05-13,CUST0519,P015,3,0.15,19377.45,1070.2,Marketplace,UPI,Returned
ORD00337,2025-01-18,CUST0381,P011,2,0.0,7256.0,2883.6,Website,Cash on Delivery,Cancelled
ORD00338,2025-06-25,CUST0287,P005,2,0.0,26714.0,6155.53,Marketplace,Credit Card,Delivered
ORD00339,2025-09-14,CUST0434,P019,3,0.0,21282.0,5369.01,Mobile App,Debit Card,Delivered
ORD00340,2025-04-25,CUST0566,P016,1,0.05,6190.2,1608.07,Mobile App,Debit Card,Delivered
ORD00341,2025-11-10,CUST0084,P005,1,0.05,12689.15,1794.2,Mobile App,UPI,Returned
ORD00342,2025-08-16,CUST0100,P018,2,0.2,14262.4,-40.23,Website,UPI,Returned
ORD00343,2025-07-16,CUST0446,P010,2,0.1,20169.0,3197.49,Website,Cash on Delivery,Returned
ORD00344,2025-05-13,CUST0232,P004,4,0.2,132278.4,-4980.17,Website,Net Banking,Delivered
ORD00345,2025-03-27,CUST0417,P006,2,0.1,21533.4,5136.02,Website,Cash on Delivery,Returned
ORD00346,2025-02-20,CUST0594,P012,2,0.1,10254.6,1977.58,Marketplace,Cash on Delivery,Cancelled
ORD00347,2025-02-18,CUST0237,P018,1,0.05,8468.3,2503.68,Mobile App,Cash on Delivery,Delivered
ORD00348,2025-06-19,CUST0581,P011,1,0.15,3083.8,430.3,Mobile App,Net Banking,Cancelled
ORD00349,2025-06-12,CUST0159,P014,1,0.1,1448.1,192.57,Website,Cash on Delivery,Delivered
ORD00350,2025-10-16,CUST0014,P013,1,0.15,1240.15,155.14,Marketplace,Debit Card,Returned
ORD00351,2025-12-07,CUST0690,P010,3,0.05,31934.25,7689.73,Marketplace,Credit Card,Delivered
ORD00352,2025-05-31,CUST0654,P006,1,0.2,9570.4,2039.58,Marketplace,Credit Card,Cancelled
ORD00353,2025-10-11,CUST0606,P014,1,0.15,1367.65,430.31,Website,Credit Card,Cancelled
ORD00354,2025-05-02,CUST0292,P006,2,0.0,23926.0,5363.4,Marketplace,UPI,Delivered
ORD00355,2025-12-08,CUST0417,P009,1,0.05,1271.1,259.12,Website,Debit Card,Delivered
ORD00356,2025-06-10,CUST0633,P017,2,0.0,13486.0,2266.23,Marketplace,UPI,Cancelled
ORD00357,2025-10-29,CUST0592,P001,2,0.1,101673.0,9641.12,Marketplace,Credit Card,Delivered
ORD00358,2025-04-25,CUST0196,P003,2,0.05,17641.5,2099.77,Website,Credit Card,Delivered
ORD00359,2025-09-21,CUST0434,P015,1,0.2,6079.2,-67.83,Mobile App,Cash on Delivery,Returned
ORD00360,2025-12-24,CUST0335,P014,3,0.0,4827.0,1942.9,Mobile App,UPI,Delivered
ORD00361,2025-12-05,CUST0595,P008,2,0.05,12160.0,3312.23,Website,UPI,Delivered
ORD00362,2025-07-17,CUST0334,P013,2,0.2,2334.4,238.84,Website,Debit Card,Delivered
ORD00363,2025-07-09,CUST0523,P001,2,0.05,107321.5,31254.29,Mobile App,Net Banking,Delivered
ORD00364,2025-02-26,CUST0166,P002,1,0.05,36788.75,12801.18,Marketplace,UPI,Delivered
ORD00365,2025-02-19,CUST0101,P017,1,0.2,5394.4,489.22,Marketplace,Cash on Delivery,Returned
ORD00366,2025-01-30,CUST0290,P007,2,0.2,15689.6,490.11,Website,Cash on Delivery,Delivered
ORD00367,2025-07-02,CUST0506,P002,1,0.0,38725.0,13828.8,Website,UPI,Returned
ORD00368,2025-09-01,CUST0105,P009,2,0.15,2274.6,423.79,Website,Credit Card,Delivered
ORD00369,2025-01-20,CUST0571,P003,2,0.2,14856.0,2932.24,Marketplace,Credit Card,Delivered
ORD00370,2025-06-19,CUST0287,P015,1,0.1,6839.1,2269.34,Website,Debit Card,Delivered
ORD00371,2025-08-17,CUST0304,P010,2,0.1,20169.0,6738.93,Website,Credit Card,Delivered
ORD00372,2025-02-24,CUST0178,P013,1,0.15,1240.15,270.91,Marketplace,Net Banking,Returned
ORD00373,2025-03-04,CUST0211,P008,1,0.2,5120.0,1332.43,Marketplace,Credit Card,Delivered
ORD00374,2025-01-25,CUST0579,P008,1,0.2,5120.0,1342.06,Website,Net Banking,Delivered
ORD00375,2025-12-09,CUST0286,P004,2,0.15,70272.9,18708.75,Website,Cash on Delivery,Delivered
ORD00376,2025-08-28,CUST0185,P002,3,0.15,98748.75,28604.71,Website,Credit Card,Returned
ORD00377,2025-10-02,CUST0363,P019,1,0.05,6739.3,1872.34,Marketplace,Debit Card,Delivered
ORD00378,2025-12-10,CUST0019,P007,1,0.05,9315.7,2949.49,Mobile App,Credit Card,Delivered
ORD00379,2025-08-09,CUST0110,P009,2,0.15,2274.6,243.54,Website,Credit Card,Delivered
ORD00380,2025-05-15,CUST0135,P014,1,0.0,1609.0,448.62,Marketplace,UPI,Returned
ORD00381,2025-02-20,CUST0451,P017,2,0.15,11463.1,2754.14,Marketplace,Cash on Delivery,Cancelled
ORD00382,2025-10-29,CUST0505,P012,4,0.15,19369.8,4423.04,Mobile App,Credit Card,Delivered
ORD00383,2025-12-04,CUST0534,P017,1,0.15,5731.55,1053.89,Marketplace,UPI,Delivered
ORD00384,2025-02-08,CUST0179,P020,2,0.0,16872.0,3623.2,Website,Debit Card,Delivered
ORD00385,2025-05-18,CUST0117,P003,1,0.05,8820.75,2028.03,Mobile App,Credit Card,Delivered
ORD00386,2025-08-13,CUST0332,P019,2,0.1,12769.2,3943.3,Mobile App,Credit Card,Delivered
ORD00387,2025-08-09,CUST0551,P006,1,0.0,11963.0,3332.73,Website,Credit Card,Delivered
ORD00388,2025-07-14,CUST0283,P002,3,0.0,116175.0,45313.68,Website,Credit Card,Delivered
ORD00389,2025-02-13,CUST0113,P014,1,0.0,1609.0,310.11,Mobile App,Net Banking,Delivered
ORD00390,2025-10-29,CUST0675,P016,4,0.2,20851.2,-128.46,Mobile App,Net Banking,Cancelled
ORD00391,2025-09-05,CUST0039,P006,1,0.1,10766.7,2214.69,Marketplace,Debit Card,Delivered
ORD00392,2025-10-29,CUST0273,P015,1,0.1,6839.1,1423.07,Website,Net Banking,Delivered
ORD00393,2025-01-12,CUST0324,P007,3,0.2,23534.4,5487.67,Mobile App,Cash on Delivery,Cancelled
ORD00394,2025-05-22,CUST0165,P019,1,0.0,7094.0,1998.56,Website,Cash on Delivery,Delivered
ORD00395,2025-09-19,CUST0671,P010,2,0.15,19048.5,4600.09,Marketplace,Cash on Delivery,Cancelled
ORD00396,2025-12-29,CUST0341,P009,1,0.1,1204.2,288.3,Website,Debit Card,Returned
ORD00397,2025-07-03,CUST0006,P010,1,0.05,10644.75,2021.25,Marketplace,Debit Card,Returned
ORD00398,2025-12-01,CUST0491,P016,1,0.0,6516.0,1458.12,Website,Credit Card,Returned
ORD00399,2025-12-22,CUST0300,P013,3,0.1,3939.3,677.73,Website,Debit Card,Cancelled
ORD00400,2025-01-17,CUST0436,P002,1,0.1,34852.5,8761.16,Mobile App,Net Banking,Cancelled
ORD00401,2025-04-28,CUST0616,P008,3,0.1,17280.0,2128.38,Mobile App,Debit Card,Returned
ORD00402,2025-07-09,CUST0291,P019,1,0.05,6739.3,1725.32,Website,Debit Card,Returned
ORD00403,2025-08-04,CUST0615,P008,1,0.05,6080.0,878.09,Mobile App,Debit Card,Returned
ORD00404,2025-11-25,CUST0274,P018,1,0.1,8022.6,2495.76,Website,Credit Card,Delivered
ORD00405,2025-05-06,CUST0467,P005,1,0.0,13357.0,2407.74,Mobile App,UPI,Delivered
ORD00406,2025-03-19,CUST0216,P020,1,0.15,7170.6,1347.66,Mobile App,Net Banking,Delivered
ORD00407,2025-07-23,CUST0117,P019,1,0.1,6384.6,1459.39,Marketplace,Debit Card,Delivered
ORD00408,2025-01-06,CUST0342,P005,2,0.15,22706.9,5921.94,Marketplace,Debit Card,Delivered
ORD00409,2025-12-14,CUST0106,P002,4,0.1,139410.0,36158.62,Website,Net Banking,Delivered
ORD00410,2025-10-21,CUST0642,P012,1,0.0,5697.0,1534.51,Marketplace,Credit Card,Delivered
ORD00411,2025-05-04,CUST0245,P016,1,0.05,6190.2,1211.21,Website,Cash on Delivery,Cancelled
ORD00412,2025-03-04,CUST0456,P020,4,0.2,26995.2,-314.98,Website,Net Banking,Delivered
ORD00413,2025-08-24,CUST0362,P019,2,0.2,11350.4,2789.33,Website,Credit Card,Delivered
ORD00414,2025-07-05,CUST0685,P005,2,0.1,24042.6,1650.24,Website,Credit Card,Delivered
ORD00415,2025-08-05,CUST0605,P014,1,0.15,1367.65,333.87,Website,Debit Card,Cancelled
ORD00416,2025-09-24,CUST0073,P004,1,0.15,35136.45,4350.45,Marketplace,Debit Card,Delivered
ORD00417,2025-01-07,CUST0426,P013,2,0.15,2480.3,432.95,Website,Cash on Delivery,Returned
ORD00418,2025-11-03,CUST0093,P016,1,0.2,5212.8,374.77,Mobile App,Net Banking,Returned
ORD00419,2025-08-14,CUST0103,P020,1,0.0,8436.0,1395.99,Website,Debit Card,Returned
ORD00420,2025-02-04,CUST0242,P014,4,0.05,6114.2,1221.42,Website,UPI,Delivered
ORD00421,2025-09-17,CUST0654,P009,1,0.0,1338.0,411.47,Mobile App,Debit Card,Delivered
ORD00422,2025-03-28,CUST0078,P011,2,0.1,6530.4,469.65,Website,Net Banking,Cancelled
ORD00423,2025-10-05,CUST0071,P018,2,0.0,17828.0,5764.3,Website,Credit Card,Returned
ORD00424,2025-10-14,CUST0163,P020,1,0.1,7592.4,1379.19,Marketplace,Debit Card,Delivered
ORD00425,2025-07-09,CUST0524,P003,4,0.0,37140.0,9629.81,Website,Debit Card,Cancelled
ORD00426,2025-12-12,CUST0095,P007,3,0.1,26476.2,8361.64,Website,Debit Card,Delivered
ORD00427,2025-07-04,CUST0003,P017,2,0.0,13486.0,2308.9,Website,Cash on Delivery,Delivered
ORD00428,2025-08-17,CUST0202,P020,1,0.05,8014.2,1663.2,Mobile App,Cash on Delivery,Delivered
ORD00429,2025-08-23,CUST0521,P005,1,0.05,12689.15,2198.69,Website,Debit Card,Delivered
ORD00430,2025-06-14,CUST0278,P011,1,0.15,3083.8,772.31,Marketplace,Cash on Delivery,Delivered
ORD00431,2025-04-12,CUST0112,P008,2,0.2,10240.0,1244.04,Marketplace,Credit Card,Delivered
ORD00432,2025-05-13,CUST0499,P019,3,0.05,20217.9,4035.08,Marketplace,Net Banking,Delivered
ORD00433,2025-12-04,CUST0053,P018,3,0.2,21393.6,526.63,Marketplace,Debit Card,Delivered
ORD00434,2025-09-05,CUST0111,P018,2,0.2,14262.4,3300.98,Marketplace,Net Banking,Delivered
ORD00435,2025-12-14,CUST0006,P016,1,0.1,5864.4,1562.18,Website,Net Banking,Cancelled
ORD00436,2025-12-10,CUST0519,P002,4,0.2,123920.0,510.42,Mobile App,Debit Card,Cancelled
ORD00437,2025-10-09,CUST0568,P013,1,0.1,1313.1,279.64,Website,UPI,Delivered
ORD00438,2025-10-31,CUST0094,P001,1,0.2,45188.0,3252.63,Marketplace,Net Banking,Delivered
ORD00439,2025-09-24,CUST0580,P014,1,0.0,1609.0,601.65,Website,UPI,Cancelled
ORD00440,2025-12-19,CUST0187,P007,1,0.15,8335.1,2425.99,Mobile App,Net Banking,Delivered
ORD00441,2025-11-21,CUST0347,P009,4,0.05,5084.4,1697.71,Mobile App,Net Banking,Delivered
ORD00442,2025-02-06,CUST0614,P005,1,0.1,12021.3,2979.85,Website,Net Banking,Delivered
ORD00443,2025-12-10,CUST0280,P015,1,0.05,7219.05,1426.17,Mobile App,Debit Card,Delivered
ORD00444,2025-08-14,CUST0602,P003,4,0.05,35283.0,4183.83,Marketplace,Debit Card,Cancelled
ORD00445,2025-04-27,CUST0461,P008,1,0.0,6400.0,1469.68,Mobile App,UPI,Cancelled
ORD00446,2025-03-15,CUST0608,P002,2,0.2,61960.0,4943.36,Mobile App,Net Banking,Returned
ORD00447,2025-04-23,CUST0691,P001,2,0.15,96024.5,6137.03,Mobile App,Debit Card,Cancelled
ORD00448,2025-07-22,CUST0600,P005,1,0.05,12689.15,2528.37,Website,Credit Card,Delivered
ORD00449,2025-07-08,CUST0067,P018,1,0.15,7576.9,195.63,Mobile App,Net Banking,Delivered
ORD00450,2025-12-29,CUST0671,P008,2,0.15,10880.0,3367.57,Mobile App,Cash on Delivery,Delivered
ORD00451,2025-12-03,CUST0102,P009,1,0.1,1204.2,255.53,Mobile App,Credit Card,Cancelled
ORD00452,2025-04-05,CUST0599,P017,4,0.05,25623.4,6998.78,Mobile App,Net Banking,Delivered
ORD00453,2025-05-08,CUST0352,P007,4,0.05,37262.8,7846.43,Mobile App,Net Banking,Delivered
ORD00454,2025-03-04,CUST0189,P009,1,0.1,1204.2,306.89,Mobile App,Debit Card,Returned
ORD00455,2025-06-11,CUST0500,P013,2,0.2,2334.4,3.35,Mobile App,UPI,Delivered
ORD00456,2025-11-04,CUST0316,P017,1,0.05,6405.85,1526.9,Marketplace,Credit Card,Delivered
ORD00457,2025-12-14,CUST0593,P013,1,0.0,1459.0,314.48,Mobile App,Cash on Delivery,Returned
ORD00458,2025-02-21,CUST0404,P015,4,0.15,25836.6,6712.51,Website,Cash on Delivery,Delivered
ORD00459,2025-11-26,CUST0609,P020,2,0.05,16028.4,4848.73,Mobile App,Cash on Delivery,Delivered
ORD00460,2025-10-23,CUST0598,P002,1,0.0,38725.0,14422.37,Website,Credit Card,Returned
ORD00461,2025-11-27,CUST0103,P014,2,0.2,2574.4,546.38,Marketplace,Cash on Delivery,Delivered
ORD00462,2025-11-27,CUST0698,P009,1,0.05,1271.1,340.49,Marketplace,UPI,Cancelled
ORD00463,2025-06-06,CUST0277,P008,2,0.05,12160.0,1907.16,Marketplace,Net Banking,Delivered
ORD00464,2025-07-10,CUST0378,P020,2,0.05,16028.4,3399.08,Website,Cash on Delivery,Delivered
ORD00465,2025-03-20,CUST0683,P018,3,0.05,25404.9,5088.19,Mobile App,Net Banking,Delivered
ORD00466,2025-01-26,CUST0538,P011,1,0.2,2902.4,-22.88,Website,Credit Card,Delivered
ORD00467,2025-02-14,CUST0658,P017,1,0.1,6068.7,1714.77,Mobile App,Cash on Delivery,Delivered
ORD00468,2025-08-25,CUST0246,P012,1,0.0,5697.0,1948.19,Website,Debit Card,Delivered
ORD00469,2025-04-25,CUST0310,P013,4,0.15,4960.6,1402.62,Website,UPI,Delivered
ORD00470,2025-09-09,CUST0036,P001,3,0.0,169455.0,51245.91,Website,Credit Card,Delivered
ORD00471,2025-07-18,CUST0461,P015,1,0.0,7599.0,2572.38,Mobile App,Net Banking,Returned
ORD00472,2025-11-13,CUST0058,P018,1,0.1,8022.6,1883.9,Marketplace,Cash on Delivery,Returned
ORD00473,2025-09-01,CUST0278,P013,2,0.2,2334.4,11.63,Mobile App,Credit Card,Returned
ORD00474,2025-01-26,CUST0138,P002,4,0.15,131665.0,33321.3,Marketplace,Credit Card,Returned
ORD00475,2025-09-18,CUST0050,P005,2,0.05,25378.3,2971.48,Website,UPI,Delivered
ORD00476,2025-11-18,CUST0519,P009,2,0.0,2676.0,1114.68,Mobile App,Credit Card,Delivered
ORD00477,2025-08-11,CUST0524,P010,2,0.05,21289.5,3194.91,Marketplace,Credit Card,Delivered
ORD00478,2025-12-03,CUST0680,P005,3,0.15,34060.35,3976.86,Mobile App,UPI,Returned
ORD00479,2025-04-29,CUST0383,P011,2,0.1,6530.4,1341.18,Mobile App,UPI,Delivered
ORD00480,2025-06-01,CUST0624,P008,1,0.0,6400.0,2210.55,Mobile App,Net Banking,Delivered
ORD00481,2025-02-04,CUST0105,P011,1,0.0,3628.0,834.1,Mobile App,UPI,Delivered
ORD00482,2025-11-22,CUST0255,P019,3,0.05,20217.9,4464.88,Marketplace,Cash on Delivery,Delivered
ORD00483,2025-09-07,CUST0433,P007,1,0.2,7844.8,974.39,Mobile App,Cash on Delivery,Delivered
ORD00484,2025-04-13,CUST0309,P004,2,0.05,78540.3,22419.68,Mobile App,Cash on Delivery,Returned
ORD00485,2025-05-23,CUST0516,P010,2,0.2,17928.0,529.29,Website,Net Banking,Delivered
ORD00486,2025-04-14,CUST0306,P020,3,0.15,21511.8,5105.59,Website,Cash on Delivery,Returned
ORD00487,2025-03-20,CUST0426,P008,4,0.2,20480.0,3793.81,Marketplace,Net Banking,Delivered
ORD00488,2025-05-02,CUST0665,P013,2,0.05,2772.1,367.64,Website,Net Banking,Delivered
ORD00489,2025-08-16,CUST0151,P008,2,0.0,12800.0,5263.32,Marketplace,Debit Card,Cancelled
ORD00490,2025-02-25,CUST0227,P008,2,0.0,12800.0,5035.43,Mobile App,Debit Card,Cancelled
ORD00491,2025-07-06,CUST0505,P017,3,0.0,20229.0,4232.73,Website,Cash on Delivery,Delivered
ORD00492,2025-04-24,CUST0613,P020,1,0.0,8436.0,3211.67,Marketplace,UPI,Delivered
ORD00493,2025-02-06,CUST0145,P016,2,0.05,12380.4,2774.04,Website,Debit Card,Returned
ORD00494,2025-06-10,CUST0446,P020,2,0.1,15184.8,2828.54,Website,Net Banking,Delivered
ORD00495,2025-01-30,CUST0628,P002,2,0.15,65832.5,14763.41,Website,UPI,Returned
ORD00496,2025-10-28,CUST0412,P020,1,0.2,6748.8,334.69,Marketplace,Debit Card,Returned
ORD00497,2025-01-11,CUST0112,P010,1,0.05,10644.75,2472.36,Mobile App,Cash on Delivery,Cancelled
ORD00498,2025-11-23,CUST0662,P002,1,0.1,34852.5,6849.81,Marketplace,Net Banking,Delivered
ORD00499,2025-04-28,CUST0543,P007,1,0.2,7844.8,893.36,Mobile App,UPI,Delivered
ORD00500,2025-06-07,CUST0180,P017,2,0.2,10788.8,1945.64,Mobile App,Credit Card,Returned
ORD00501,2025-11-03,CUST0570,P004,2,0.1,74406.6,13664.04,Website,Cash on Delivery,Returned
ORD00502,2025-03-11,CUST0584,P014,1,0.2,1287.2,18.64,Marketplace,Credit Card,Cancelled
ORD00503,2025-12-27,CUST0700,P003,1,0.0,9285.0,3278.43,Website,Debit Card,Delivered
ORD00504,2025-07-24,CUST0578,P005,3,0.2,32056.8,-868.89,Mobile App,Credit Card,Delivered
ORD00505,2025-11-25,CUST0471,P002,1,0.0,38725.0,14407.43,Marketplace,Net Banking,Returned
ORD00506,2025-07-20,CUST0469,P012,1,0.05,5412.15,688.79,Mobile App,Cash on Delivery,Delivered
ORD00507,2025-11-29,CUST0215,P014,1,0.2,1287.2,44.23,Mobile App,Cash on Delivery,Cancelled
ORD00508,2025-07-19,CUST0254,P014,2,0.2,2574.4,376.87,Website,Net Banking,Delivered
ORD00509,2025-02-11,CUST0124,P002,2,0.15,65832.5,20173.86,Website,UPI,Cancelled
ORD00510,2025-05-18,CUST0352,P004,1,0.1,37203.3,3777.33,Mobile App,Cash on Delivery,Delivered
ORD00511,2025-04-05,CUST0634,P018,1,0.2,7131.2,1107.14,Marketplace,Credit Card,Delivered
ORD00512,2025-09-29,CUST0683,P001,1,0.05,53660.75,7797.31,Website,Cash on Delivery,Delivered
ORD00513,2025-03-15,CUST0625,P015,4,0.0,30396.0,8620.3,Marketplace,Net Banking,Delivered
ORD00514,2025-05-28,CUST0404,P005,4,0.1,48085.2,3618.06,Mobile App,UPI,Delivered
ORD00515,2025-08-11,CUST0661,P017,1,0.15,5731.55,209.49,Website,Cash on Delivery,Returned
ORD00516,2025-07-12,CUST0285,P001,1,0.15,48012.25,2598.48,Website,UPI,Delivered
ORD00517,2025-10-31,CUST0410,P013,2,0.1,2626.2,751.3,Website,Cash on Delivery,Returned
ORD00518,2025-08-18,CUST0433,P018,2,0.2,14262.4,3503.76,Mobile App,Credit Card,Delivered
ORD00519,2025-03-05,CUST0668,P012,1,0.2,4557.6,-212.25,Marketplace,UPI,Cancelled
ORD00520,2025-07-24,CUST0014,P003,4,0.15,31569.0,4718.84,Website,Net Banking,Returned
ORD00521,2025-04-08,CUST0396,P013,1,0.1,1313.1,315.46,Website,Net Banking,Delivered
ORD00522,2025-05-29,CUST0269,P013,2,0.15,2480.3,88.43,Marketplace,Debit Card,Delivered
ORD00523,2025-01-20,CUST0144,P006,2,0.1,21533.4,4503.38,Mobile App,Debit Card,Delivered
ORD00524,2025-09-26,CUST0164,P015,3,0.1,20517.3,1739.33,Mobile App,Cash on Delivery,Returned
ORD00525,2025-02-26,CUST0352,P005,2,0.2,21371.2,3670.41,Marketplace,Net Banking,Delivered
ORD00526,2025-12-17,CUST0604,P020,4,0.0,33744.0,11994.67,Marketplace,Credit Card,Delivered
ORD00527,2025-06-21,CUST0662,P009,1,0.05,1271.1,323.55,Website,Debit Card,Returned
ORD00528,2025-03-30,CUST0361,P016,2,0.0,13032.0,3332.98,Website,Credit Card,Returned
ORD00529,2025-01-10,CUST0527,P005,1,0.0,13357.0,4038.32,Mobile App,Cash on Delivery,Cancelled
ORD00530,2025-03-12,CUST0627,P014,1,0.15,1367.65,337.38,Website,Net Banking,Returned
ORD00531,2025-09-09,CUST0674,P005,1,0.1,12021.3,3215.59,Mobile App,Cash on Delivery,Delivered
ORD00532,2025-01-20,CUST0349,P007,3,0.2,23534.4,6400.57,Marketplace,Cash on Delivery,Delivered
ORD00533,2025-01-14,CUST0324,P005,1,0.1,12021.3,847.55,Website,UPI,Returned
ORD00534,2025-07-11,CUST0308,P005,4,0.15,45413.8,4733.42,Website,Net Banking,Returned
ORD00535,2025-07-16,CUST0196,P019,2,0.1,12769.2,4493.93,Marketplace,Debit Card,Returned
ORD00536,2025-09-27,CUST0673,P006,2,0.0,23926.0,6940.47,Mobile App,UPI,Returned
ORD00537,2025-09-12,CUST0657,P018,1,0.15,7576.9,880.4,Marketplace,Cash on Delivery,Cancelled
ORD00538,2025-11-03,CUST0331,P003,2,0.0,18570.0,7240.31,Mobile App,Debit Card,Delivered
ORD00539,2025-05-22,CUST0308,P010,2,0.15,19048.5,2175.91,Marketplace,UPI,Returned
ORD00540,2025-07-13,CUST0142,P002,1,0.1,34852.5,6582.78,Website,Debit Card,Cancelled
ORD00541,2025-10-06,CUST0636,P012,2,0.0,11394.0,3802.5,Website,Net Banking,Returned
ORD00542,2025-10-10,CUST0683,P011,2,0.0,7256.0,2235.44,Marketplace,Net Banking,Delivered
ORD00543,2025-10-01,CUST0333,P008,2,0.15,10880.0,2444.45,Website,Debit Card,Delivered
ORD00544,2025-12-26,CUST0422,P017,1,0.1,6068.7,913.52,Website,Credit Card,Delivered
ORD00545,2025-05-02,CUST0159,P003,3,0.05,26462.25,4510.19,Marketplace,Cash on Delivery,Delivered
ORD00546,2025-06-16,CUST0213,P014,3,0.2,3861.6,-167.34,Marketplace,Net Banking,Delivered
ORD00547,2025-09-22,CUST0059,P020,4,0.0,33744.0,12003.66,Mobile App,Debit Card,Delivered
ORD00548,2025-10-13,CUST0328,P002,4,0.15,131665.0,34775.98,Mobile App,Debit Card,Delivered
ORD00549,2025-01-27,CUST0537,P002,2,0.1,69705.0,8753.2,Website,Credit Card,Delivered
ORD00550,2025-02-02,CUST0402,P010,2,0.2,17928.0,958.9,Mobile App,Debit Card,Delivered
ORD00551,2025-06-05,CUST0343,P003,1,0.15,7892.25,2183.96,Marketplace,UPI,Cancelled
ORD00552,2025-03-15,CUST0328,P006,1,0.15,10168.55,1652.12,Mobile App,UPI,Delivered
ORD00553,2025-01-01,CUST0436,P001,1,0.1,50836.5,14710.42,Website,Debit Card,Delivered
ORD00554,2025-11-21,CUST0007,P019,4,0.05,26957.2,4794.98,Marketplace,Debit Card,Delivered
ORD00555,2025-07-21,CUST0274,P015,1,0.1,6839.1,1036.43,Marketplace,Credit Card,Cancelled
ORD00556,2025-11-06,CUST0350,P013,2,0.1,2626.2,322.4,Marketplace,Credit Card,Delivered
ORD00557,2025-05-05,CUST0066,P017,2,0.1,12137.4,1197.64,Marketplace,UPI,Delivered
ORD00558,2025-06-06,CUST0587,P005,1,0.1,12021.3,1612.92,Mobile App,UPI,Delivered
ORD00559,2025-10-04,CUST0459,P008,4,0.15,21760.0,1544.73,Website,Cash on Delivery,Delivered
ORD00560,2025-04-03,CUST0269,P011,1,0.1,3265.2,781.79,Website,Credit Card,Delivered
ORD00561,2025-12-08,CUST0204,P016,4,0.0,26064.0,10328.06,Mobile App,UPI,Delivered
ORD00562,2025-07-29,CUST0457,P013,1,0.15,1240.15,142.2,Marketplace,Cash on Delivery,Delivered
ORD00563,2025-05-04,CUST0508,P006,1,0.15,10168.55,2170.45,Marketplace,Cash on Delivery,Delivered
ORD00564,2025-12-25,CUST0269,P011,4,0.15,12335.2,1911.97,Website,Cash on Delivery,Delivered
ORD00565,2025-03-02,CUST0126,P001,1,0.15,48012.25,11106.63,Website,Cash on Delivery,Delivered
ORD00566,2025-11-23,CUST0252,P003,2,0.1,16713.0,5036.55,Mobile App,Debit Card,Returned
ORD00567,2025-08-19,CUST0295,P020,2,0.0,16872.0,2965.38,Website,Net Banking,Returned
ORD00568,2025-05-13,CUST0530,P007,4,0.15,33340.4,7975.62,Mobile App,UPI,Delivered
ORD00569,2025-04-08,CUST0117,P013,2,0.05,2772.1,691.86,Website,Cash on Delivery,Returned
ORD00570,2025-03-05,CUST0471,P011,4,0.1,13060.8,3224.76,Marketplace,UPI,Returned
ORD00571,2025-09-21,CUST0532,P003,3,0.05,26462.25,8077.83,Website,Debit Card,Delivered
ORD00572,2025-10-29,CUST0176,P009,2,0.15,2274.6,522.32,Mobile App,Net Banking,Cancelled
ORD00573,2025-11-24,CUST0504,P002,1,0.05,36788.75,5054.28,Marketplace,UPI,Returned
ORD00574,2025-10-02,CUST0078,P015,3,0.0,22797.0,7946.93,Mobile App,Debit Card,Delivered
ORD00575,2025-07-30,CUST0194,P011,2,0.0,7256.0,2163.77,Marketplace,Credit Card,Delivered
ORD00576,2025-04-14,CUST0029,P017,1,0.05,6405.85,1951.13,Mobile App,Debit Card,Cancelled
ORD00577,2025-07-07,CUST0092,P006,3,0.15,30505.65,3781.39,Mobile App,UPI,Delivered
ORD00578,2025-10-26,CUST0549,P017,1,0.1,6068.7,1248.12,Marketplace,Cash on Delivery,Returned
ORD00579,2025-11-20,CUST0211,P015,3,0.1,20517.3,3914.28,Website,Credit Card,Cancelled
ORD00580,2025-06-18,CUST0086,P017,2,0.2,10788.8,-506.0,Mobile App,Cash on Delivery,Delivered
ORD00581,2025-09-13,CUST0364,P002,2,0.15,65832.5,20163.03,Marketplace,Net Banking,Delivered
ORD00582,2025-01-29,CUST0550,P020,3,0.0,25308.0,5278.37,Mobile App,Debit Card,Delivered
ORD00583,2025-06-02,CUST0069,P018,1,0.05,8468.3,2143.13,Mobile App,Net Banking,Returned
ORD00584,2025-02-03,CUST0163,P007,2,0.0,19612.0,8020.04,Website,Credit Card,Delivered
ORD00585,2025-06-04,CUST0174,P020,2,0.05,16028.4,2211.02,Mobile App,UPI,Delivered
ORD00586,2025-04-25,CUST0269,P010,2,0.1,20169.0,3358.66,Website,UPI,Delivered
ORD00587,2025-07-26,CUST0155,P005,2,0.1,24042.6,8311.06,Marketplace,Debit Card,Delivered
ORD00588,2025-08-28,CUST0018,P007,2,0.05,18631.4,5895.01,Website,Credit Card,Returned
ORD00589,2025-03-10,CUST0438,P013,3,0.1,3939.3,536.82,Marketplace,Cash on Delivery,Cancelled
ORD00590,2025-07-05,CUST0472,P009,1,0.05,1271.1,389.42,Marketplace,Debit Card,Cancelled
ORD00591,2025-07-16,CUST0091,P017,1,0.0,6743.0,1859.2,Website,Net Banking,Delivered
ORD00592,2025-08-09,CUST0015,P006,1,0.0,11963.0,3641.46,Marketplace,Debit Card,Delivered
ORD00593,2025-04-23,CUST0204,P013,2,0.05,2772.1,645.16,Mobile App,Credit Card,Delivered
ORD00594,2025-12-23,CUST0058,P006,2,0.15,20337.1,2895.35,Mobile App,UPI,Delivered
ORD00595,2025-12-21,CUST0226,P015,2,0.0,15198.0,4054.96,Mobile App,Debit Card,Returned
ORD00596,2025-10-09,CUST0072,P001,1,0.15,48012.25,3735.95,Marketplace,Credit Card,Returned
ORD00597,2025-04-22,CUST0610,P011,1,0.15,3083.8,252.11,Mobile App,Cash on Delivery,Delivered
ORD00598,2025-12-19,CUST0079,P019,3,0.1,19153.8,5193.79,Website,Cash on Delivery,Cancelled
ORD00599,2025-09-09,CUST0054,P006,3,0.05,34094.55,10618.96,Marketplace,Credit Card,Delivered
ORD00600,2025-02-19,CUST0364,P003,1,0.15,7892.25,1678.99,Mobile App,Debit Card,Delivered
ORD00601,2025-05-27,CUST0683,P001,2,0.05,107321.5,36718.81,Website,Debit Card,Cancelled
ORD00602,2025-09-21,CUST0355,P007,1,0.0,9806.0,3345.0,Mobile App,Debit Card,Returned
ORD00603,2025-12-04,CUST0613,P003,1,0.2,7428.0,1213.2,Marketplace,UPI,Delivered
ORD00604,2025-04-12,CUST0676,P005,1,0.05,12689.15,3827.22,Mobile App,Debit Card,Delivered
ORD00605,2025-09-20,CUST0620,P005,1,0.1,12021.3,3295.16,Mobile App,Credit Card,Delivered
ORD00606,2025-06-25,CUST0106,P012,1,0.0,5697.0,1447.82,Website,Net Banking,Delivered
ORD00607,2025-08-17,CUST0460,P020,2,0.1,15184.8,5018.65,Mobile App,Debit Card,Delivered
ORD00608,2025-01-22,CUST0321,P003,2,0.2,14856.0,347.74,Mobile App,Cash on Delivery,Cancelled
ORD00609,2025-09-01,CUST0654,P002,4,0.1,139410.0,26943.48,Mobile App,Debit Card,Delivered
ORD00610,2025-02-20,CUST0174,P010,1,0.1,10084.5,1813.35,Website,Credit Card,Delivered
ORD00611,2025-05-02,CUST0536,P008,1,0.05,6080.0,1202.23,Website,Net Banking,Returned
ORD00612,2025-01-30,CUST0104,P006,1,0.15,10168.55,2068.38,Website,Credit Card,Returned
ORD00613,2025-12-31,CUST0292,P007,2,0.15,16670.2,4338.28,Mobile App,UPI,Delivered
ORD00614,2025-03-18,CUST0265,P006,1,0.1,10766.7,3461.98,Marketplace,Net Banking,Delivered
ORD00615,2025-03-18,CUST0616,P019,4,0.0,28376.0,8104.41,Mobile App,Credit Card,Delivered
ORD00616,2025-08-29,CUST0491,P011,1,0.2,2902.4,76.64,Website,Cash on Delivery,Delivered
ORD00617,2025-06-26,CUST0224,P006,4,0.15,40674.2,10342.21,Website,Cash on Delivery,Returned
ORD00618,2025-03-02,CUST0348,P016,1,0.05,6190.2,1486.26,Marketplace,Cash on Delivery,Delivered
ORD00619,2025-03-18,CUST0422,P002,2,0.0,77450.0,25742.5,Website,Credit Card,Cancelled
ORD00620,2025-02-10,CUST0489,P001,3,0.1,152509.5,38289.01,Mobile App,UPI,Cancelled
ORD00621,2025-07-16,CUST0186,P019,1,0.1,6384.6,548.41,Mobile App,Cash on Delivery,Delivered
ORD00622,2025-10-07,CUST0131,P009,4,0.1,4816.8,1293.58,Website,Credit Card,Returned
ORD00623,2025-06-26,CUST0072,P018,1,0.0,8914.0,3270.5,Marketplace,Net Banking,Returned
ORD00624,2025-02-12,CUST0548,P005,1,0.0,13357.0,2287.4,Marketplace,UPI,Cancelled
ORD00625,2025-09-07,CUST0273,P012,1,0.0,5697.0,1612.52,Mobile App,Net Banking,Delivered
ORD00626,2025-10-17,CUST0034,P014,1,0.0,1609.0,504.05,Mobile App,Net Banking,Delivered
ORD00627,2025-04-17,CUST0584,P008,1,0.05,6080.0,1600.39,Marketplace,Credit Card,Delivered
ORD00628,2025-12-07,CUST0646,P009,1,0.0,1338.0,249.66,Marketplace,Net Banking,Delivered
ORD00629,2025-01-02,CUST0236,P001,1,0.15,48012.25,9180.96,Mobile App,Cash on Delivery,Delivered
ORD00630,2025-10-27,CUST0296,P020,2,0.0,16872.0,4899.9,Marketplace,UPI,Returned
ORD00631,2025-09-09,CUST0444,P020,3,0.05,24042.6,6120.14,Website,Credit Card,Cancelled
ORD00632,2025-08-04,CUST0217,P011,2,0.05,6893.2,1734.7,Mobile App,Debit Card,Delivered
ORD00633,2025-11-28,CUST0596,P020,1,0.0,8436.0,2534.67,Mobile App,Net Banking,Delivered
ORD00634,2025-04-04,CUST0620,P011,4,0.2,11609.6,1174.52,Marketplace,Credit Card,Delivered
ORD00635,2025-06-10,CUST0444,P019,1,0.0,7094.0,2373.6,Website,UPI,Delivered
ORD00636,2025-09-02,CUST0555,P006,2,0.05,22729.7,8637.15,Mobile App,Credit Card,Returned
ORD00637,2025-12-15,CUST0479,P001,1,0.05,53660.75,18795.82,Marketplace,Cash on Delivery,Returned
ORD00638,2025-04-17,CUST0387,P015,1,0.0,7599.0,2511.76,Mobile App,UPI,Delivered
ORD00639,2025-06-21,CUST0136,P001,2,0.0,112970.0,44001.82,Marketplace,Net Banking,Cancelled
ORD00640,2025-12-17,CUST0059,P018,2,0.2,14262.4,3234.62,Marketplace,UPI,Delivered
ORD00641,2025-08-04,CUST0336,P017,2,0.0,13486.0,3932.3,Marketplace,UPI,Delivered
ORD00642,2025-02-04,CUST0548,P017,1,0.15,5731.55,719.13,Mobile App,Credit Card,Cancelled
ORD00643,2025-03-17,CUST0444,P015,2,0.1,13678.2,2819.19,Mobile App,Debit Card,Delivered
ORD00644,2025-01-09,CUST0163,P011,1,0.2,2902.4,712.95,Mobile App,UPI,Returned
ORD00645,2025-03-03,CUST0582,P001,2,0.15,96024.5,25361.89,Mobile App,UPI,Delivered
ORD00646,2025-01-27,CUST0027,P012,2,0.0,11394.0,4337.16,Marketplace,Debit Card,Returned
ORD00647,2025-05-01,CUST0197,P010,3,0.1,30253.5,2805.26,Marketplace,Credit Card,Returned
ORD00648,2025-03-01,CUST0513,P011,1,0.15,3083.8,560.43,Website,Credit Card,Delivered
ORD00649,2025-12-28,CUST0316,P020,1,0.1,7592.4,1397.23,Marketplace,Cash on Delivery,Delivered
ORD00650,2025-02-05,CUST0085,P001,1,0.15,48012.25,4503.24,Marketplace,Cash on Delivery,Cancelled
ORD00651,2025-12-23,CUST0253,P007,2,0.2,15689.6,3649.9,Marketplace,UPI,Returned
ORD00652,2025-03-04,CUST0679,P010,2,0.05,21289.5,5358.77,Marketplace,Credit Card,Returned
ORD00653,2025-06-16,CUST0265,P013,1,0.05,1386.05,322.5,Website,Cash on Delivery,Cancelled
ORD00654,2025-09-23,CUST0014,P010,4,0.05,42579.0,8099.49,Mobile App,UPI,Delivered
ORD00655,2025-05-09,CUST0408,P018,4,0.2,28524.8,7668.86,Mobile App,Net Banking,Delivered
ORD00656,2025-01-18,CUST0412,P005,3,0.2,32056.8,5246.48,Mobile App,UPI,Delivered
ORD00657,2025-06-06,CUST0218,P018,2,0.05,16936.6,5803.12,Marketplace,Net Banking,Delivered
ORD00658,2025-10-27,CUST0055,P020,2,0.1,15184.8,4281.9,Marketplace,Debit Card,Returned
ORD00659,2025-12-26,CUST0656,P012,4,0.05,21648.6,6694.49,Mobile App,Credit Card,Cancelled
ORD00660,2025-03-09,CUST0045,P001,1,0.2,45188.0,9601.59,Website,Debit Card,Delivered
ORD00661,2025-09-01,CUST0004,P002,2,0.1,69705.0,16652.79,Mobile App,Credit Card,Delivered
ORD00662,2025-11-27,CUST0592,P017,1,0.15,5731.55,371.89,Mobile App,Credit Card,Cancelled
ORD00663,2025-05-20,CUST0648,P001,1,0.05,53660.75,15299.27,Website,Credit Card,Delivered
ORD00664,2025-11-02,CUST0410,P010,3,0.15,28572.75,4593.87,Website,Credit Card,Delivered
ORD00665,2025-10-06,CUST0338,P015,3,0.1,20517.3,1458.05,Mobile App,UPI,Returned
ORD00666,2025-02-16,CUST0211,P007,1,0.0,9806.0,1665.93,Website,UPI,Delivered
ORD00667,2025-05-08,CUST0150,P003,2,0.15,15784.5,3436.03,Mobile App,Debit Card,Delivered
ORD00668,2025-10-17,CUST0349,P018,3,0.0,26742.0,6377.73,Marketplace,UPI,Cancelled
ORD00669,2025-05-13,CUST0153,P011,1,0.0,3628.0,1368.77,Marketplace,UPI,Cancelled
ORD00670,2025-09-08,CUST0053,P008,4,0.15,21760.0,5629.39,Marketplace,Debit Card,Returned
ORD00671,2025-03-02,CUST0155,P018,1,0.1,8022.6,2259.0,Mobile App,Debit Card,Cancelled
ORD00672,2025-11-06,CUST0357,P014,1,0.0,1609.0,363.51,Marketplace,Debit Card,Delivered
ORD00673,2025-04-30,CUST0469,P002,1,0.1,34852.5,6249.37,Website,UPI,Cancelled
ORD00674,2025-12-01,CUST0411,P016,2,0.1,11728.8,2224.01,Mobile App,Debit Card,Delivered
ORD00675,2025-12-03,CUST0330,P015,1,0.05,7219.05,1101.48,Marketplace,Net Banking,Delivered
ORD00676,2025-02-26,CUST0285,P020,1,0.2,6748.8,-61.46,Marketplace,Credit Card,Delivered
ORD00677,2025-09-01,CUST0335,P006,1,0.1,10766.7,2230.03,Website,Net Banking,Returned
ORD00678,2025-07-10,CUST0005,P008,2,0.15,10880.0,2905.56,Website,UPI,Delivered
ORD00679,2025-01-31,CUST0689,P018,4,0.05,33873.2,12954.77,Website,Credit Card,Delivered
ORD00680,2025-03-22,CUST0287,P001,1,0.0,56485.0,16285.27,Mobile App,Credit Card,Cancelled
ORD00681,2025-03-10,CUST0361,P007,3,0.1,26476.2,6972.28,Mobile App,Credit Card,Returned
ORD00682,2025-07-17,CUST0230,P019,2,0.05,13478.6,4781.44,Website,Net Banking,Delivered
ORD00683,2025-02-14,CUST0174,P012,2,0.05,10824.3,3019.7,Marketplace,Debit Card,Cancelled
ORD00684,2025-10-02,CUST0408,P015,2,0.0,15198.0,3359.2,Marketplace,Net Banking,Delivered
ORD00685,2025-03-19,CUST0593,P004,2,0.1,74406.6,13354.5,Mobile App,Debit Card,Returned
ORD00686,2025-04-03,CUST0665,P008,1,0.2,5120.0,1245.1,Marketplace,Cash on Delivery,Delivered
ORD00687,2025-05-21,CUST0462,P007,1,0.0,9806.0,3747.68,Marketplace,UPI,Delivered
ORD00688,2025-08-22,CUST0314,P008,1,0.1,5760.0,964.0,Mobile App,UPI,Delivered
ORD00689,2025-02-21,CUST0399,P005,1,0.1,12021.3,1812.01,Marketplace,Debit Card,Delivered
ORD00690,2025-07-02,CUST0020,P001,1,0.2,45188.0,6498.03,Marketplace,Net Banking,Cancelled
ORD00691,2025-02-06,CUST0017,P017,1,0.15,5731.55,1340.67,Mobile App,UPI,Delivered
ORD00692,2025-09-28,CUST0493,P019,3,0.15,18089.7,5529.19,Mobile App,Net Banking,Cancelled
ORD00693,2025-10-03,CUST0495,P015,1,0.15,6459.15,246.84,Website,Credit Card,Delivered
ORD00694,2025-08-15,CUST0076,P015,1,0.05,7219.05,927.39,Marketplace,Net Banking,Delivered
ORD00695,2025-05-02,CUST0470,P003,1,0.0,9285.0,3355.61,Website,Cash on Delivery,Cancelled
ORD00696,2025-09-28,CUST0155,P019,4,0.05,26957.2,9346.29,Marketplace,Net Banking,Returned
ORD00697,2025-04-29,CUST0496,P015,2,0.1,13678.2,4844.89,Marketplace,Debit Card,Delivered
ORD00698,2025-01-18,CUST0534,P001,2,0.15,96024.5,3355.79,Mobile App,Cash on Delivery,Delivered
ORD00699,2025-10-16,CUST0279,P001,3,0.2,135564.0,17425.51,Marketplace,Net Banking,Delivered
ORD00700,2025-12-28,CUST0231,P019,3,0.0,21282.0,4999.56,Mobile App,Net Banking,Cancelled
ORD00701,2025-07-23,CUST0225,P019,1,0.0,7094.0,2356.7,Mobile App,Net Banking,Delivered
ORD00702,2025-03-05,CUST0088,P005,3,0.15,34060.35,10347.22,Mobile App,UPI,Delivered
ORD00703,2025-05-14,CUST0009,P012,2,0.15,9684.9,2122.79,Marketplace,Cash on Delivery,Delivered
ORD00704,2025-10-14,CUST0184,P003,2,0.2,14856.0,38.27,Mobile App,Net Banking,Delivered
ORD00705,2025-09-07,CUST0403,P011,2,0.2,5804.8,578.73,Marketplace,Credit Card,Returned
ORD00706,2025-06-26,CUST0671,P013,1,0.15,1240.15,347.02,Marketplace,Credit Card,Cancelled
ORD00707,2025-04-24,CUST0038,P011,2,0.05,6893.2,876.03,Website,Credit Card,Delivered
ORD00708,2025-01-29,CUST0679,P016,1,0.15,5538.6,1295.68,Website,Net Banking,Returned
ORD00709,2025-06-03,CUST0622,P016,1,0.2,5212.8,773.44,Marketplace,Net Banking,Delivered
ORD00710,2025-05-27,CUST0600,P011,2,0.15,6167.6,1084.0,Mobile App,UPI,Delivered
ORD00711,2025-11-22,CUST0115,P014,2,0.2,2574.4,437.97,Marketplace,UPI,Returned
ORD00712,2025-07-09,CUST0503,P010,4,0.05,42579.0,13891.71,Marketplace,Net Banking,Cancelled
ORD00713,2025-06-30,CUST0644,P020,1,0.1,7592.4,2685.8,Mobile App,Cash on Delivery,Cancelled
ORD00714,2025-06-23,CUST0366,P015,4,0.0,30396.0,5291.35,Mobile App,Debit Card,Delivered
ORD00715,2025-01-12,CUST0473,P018,1,0.05,8468.3,1465.56,Marketplace,UPI,Returned
ORD00716,2025-09-14,CUST0274,P006,2,0.1,21533.4,1536.05,Website,UPI,Delivered
ORD00717,2025-06-19,CUST0181,P007,1,0.15,8335.1,1283.93,Mobile App,Net Banking,Delivered
ORD00718,2025-10-15,CUST0375,P013,1,0.2,1167.2,220.91,Marketplace,Debit Card,Delivered
ORD00719,2025-07-15,CUST0225,P008,2,0.2,10240.0,-291.76,Marketplace,Debit Card,Delivered
ORD00720,2025-06-01,CUST0442,P009,1,0.15,1137.3,352.73,Mobile App,UPI,Delivered
ORD00721,2025-10-10,CUST0262,P010,1,0.2,8964.0,2294.01,Marketplace,Net Banking,Returned
ORD00722,2025-02-06,CUST0303,P015,1,0.2,6079.2,-146.12,Marketplace,Debit Card,Delivered
ORD00723,2025-08-23,CUST0398,P019,1,0.05,6739.3,857.68,Mobile App,Credit Card,Delivered
ORD00724,2025-09-23,CUST0090,P003,3,0.2,22284.0,269.19,Mobile App,Cash on Delivery,Delivered
ORD00725,2025-04-12,CUST0477,P018,2,0.2,14262.4,1331.44,Website,UPI,Cancelled
ORD00726,2025-08-13,CUST0130,P016,2,0.2,10425.6,2672.44,Mobile App,Credit Card,Returned
ORD00727,2025-04-09,CUST0348,P013,2,0.2,2334.4,417.47,Website,UPI,Cancelled
ORD00728,2025-10-31,CUST0690,P006,1,0.05,11364.85,3631.73,Marketplace,Credit Card,Delivered
ORD00729,2025-07-06,CUST0401,P004,4,0.0,165348.0,43698.84,Mobile App,UPI,Delivered
ORD00730,2025-10-29,CUST0100,P002,2,0.1,69705.0,20008.58,Website,Cash on Delivery,Delivered
ORD00731,2025-04-25,CUST0547,P005,1,0.05,12689.15,4568.21,Website,Cash on Delivery,Cancelled
ORD00732,2025-09-01,CUST0420,P009,1,0.1,1204.2,276.88,Website,Cash on Delivery,Returned
ORD00733,2025-08-18,CUST0550,P004,3,0.05,117810.45,35436.62,Website,Net Banking,Delivered
ORD00734,2025-09-10,CUST0600,P012,3,0.0,17091.0,5165.58,Website,UPI,Delivered
ORD00735,2025-02-12,CUST0373,P009,3,0.1,3612.6,394.39,Marketplace,Cash on Delivery,Returned
ORD00736,2025-11-09,CUST0485,P012,2,0.15,9684.9,1045.01,Mobile App,Cash on Delivery,Delivered
ORD00737,2025-11-04,CUST0352,P005,2,0.1,24042.6,4729.61,Marketplace,Credit Card,Delivered
ORD00738,2025-05-02,CUST0371,P013,1,0.05,1386.05,313.71,Website,Cash on Delivery,Returned
ORD00739,2025-11-30,CUST0171,P014,2,0.15,2735.3,503.56,Website,Credit Card,Delivered
ORD00740,2025-06-06,CUST0199,P011,1,0.1,3265.2,1099.41,Website,Cash on Delivery,Delivered
ORD00741,2025-12-09,CUST0388,P008,3,0.15,16320.0,2036.2,Mobile App,UPI,Returned
ORD00742,2025-08-10,CUST0140,P018,1,0.2,7131.2,1876.27,Website,UPI,Cancelled
ORD00743,2025-06-26,CUST0198,P006,3,0.05,34094.55,11391.44,Mobile App,Debit Card,Delivered
ORD00744,2025-05-15,CUST0685,P020,1,0.2,6748.8,1433.26,Website,UPI,Delivered
ORD00745,2025-12-08,CUST0261,P008,1,0.2,5120.0,1311.62,Mobile App,UPI,Cancelled
ORD00746,2025-07-19,CUST0586,P016,3,0.0,19548.0,8085.45,Marketplace,Cash on Delivery,Returned
ORD00747,2025-11-15,CUST0605,P007,1,0.0,9806.0,1778.2,Marketplace,Cash on Delivery,Delivered
ORD00748,2025-12-11,CUST0659,P013,2,0.0,2918.0,1105.92,Marketplace,Cash on Delivery,Delivered
ORD00749,2025-09-30,CUST0186,P020,2,0.1,15184.8,2038.09,Mobile App,UPI,Delivered
ORD00750,2025-02-07,CUST0235,P017,1,0.1,6068.7,2126.14,Mobile App,UPI,Cancelled
ORD00751,2025-09-03,CUST0499,P012,2,0.0,11394.0,2448.11,Website,UPI,Delivered
ORD00752,2025-09-30,CUST0485,P004,1,0.15,35136.45,10163.04,Marketplace,Net Banking,Delivered
ORD00753,2025-06-16,CUST0214,P011,2,0.05,6893.2,2457.64,Marketplace,UPI,Cancelled
ORD00754,2025-09-29,CUST0565,P020,2,0.2,13497.6,1163.15,Marketplace,UPI,Delivered
ORD00755,2025-06-16,CUST0692,P014,1,0.05,1528.55,500.67,Mobile App,Cash on Delivery,Delivered
ORD00756,2025-09-14,CUST0050,P014,1,0.15,1367.65,156.12,Mobile App,Credit Card,Delivered
ORD00757,2025-06-22,CUST0323,P017,2,0.0,13486.0,2974.06,Mobile App,Credit Card,Returned
ORD00758,2025-06-23,CUST0486,P009,3,0.05,3813.3,1162.41,Marketplace,Cash on Delivery,Cancelled
ORD00759,2025-07-17,CUST0320,P009,1,0.15,1137.3,37.0,Website,UPI,Delivered
ORD00760,2025-09-06,CUST0691,P004,1,0.1,37203.3,7409.19,Website,UPI,Cancelled
ORD00761,2025-03-06,CUST0078,P004,1,0.05,39270.15,14899.75,Marketplace,Net Banking,Delivered
ORD00762,2025-05-03,CUST0283,P010,2,0.2,17928.0,2478.19,Mobile App,Debit Card,Delivered
ORD00763,2025-03-30,CUST0431,P011,3,0.1,9795.6,1693.55,Mobile App,Debit Card,Cancelled
ORD00764,2025-04-22,CUST0580,P018,2,0.0,17828.0,3519.31,Marketplace,Credit Card,Returned
ORD00765,2025-10-24,CUST0105,P013,1,0.2,1167.2,68.89,Marketplace,Net Banking,Delivered
ORD00766,2025-10-05,CUST0133,P009,3,0.0,4014.0,920.05,Marketplace,Credit Card,Delivered
ORD00767,2025-11-24,CUST0233,P002,1,0.05,36788.75,6932.62,Website,UPI,Delivered
ORD00768,2025-05-13,CUST0393,P011,2,0.05,6893.2,2673.18,Mobile App,Cash on Delivery,Delivered
ORD00769,2025-12-18,CUST0135,P009,2,0.0,2676.0,557.28,Website,Debit Card,Delivered
ORD00770,2025-06-15,CUST0408,P009,2,0.1,2408.4,605.94,Website,UPI,Cancelled
ORD00771,2025-09-10,CUST0323,P001,4,0.1,203346.0,28932.57,Marketplace,UPI,Delivered
ORD00772,2025-04-16,CUST0430,P015,1,0.15,6459.15,1148.37,Mobile App,Credit Card,Delivered
ORD00773,2025-03-02,CUST0537,P010,2,0.15,19048.5,2780.52,Website,Debit Card,Delivered
ORD00774,2025-11-18,CUST0166,P020,2,0.2,13497.6,757.29,Marketplace,Net Banking,Returned
ORD00775,2025-04-11,CUST0331,P005,2,0.0,26714.0,6650.37,Marketplace,Debit Card,Delivered
ORD00776,2025-06-27,CUST0551,P002,4,0.0,154900.0,58137.78,Website,Credit Card,Cancelled
ORD00777,2025-04-12,CUST0164,P016,4,0.15,22154.4,5151.59,Mobile App,Cash on Delivery,Cancelled
ORD00778,2025-07-15,CUST0492,P003,1,0.15,7892.25,1942.86,Mobile App,UPI,Returned
ORD00779,2025-03-11,CUST0083,P016,4,0.2,20851.2,4485.08,Mobile App,Credit Card,Delivered
ORD00780,2025-03-28,CUST0643,P008,2,0.05,12160.0,3093.27,Website,Credit Card,Delivered
ORD00781,2025-06-29,CUST0325,P009,1,0.15,1137.3,334.47,Marketplace,Debit Card,Delivered
ORD00782,2025-09-29,CUST0072,P005,1,0.0,13357.0,3555.51,Website,UPI,Delivered
ORD00783,2025-02-11,CUST0615,P009,2,0.2,2140.8,-78.34,Website,Debit Card,Delivered
ORD00784,2025-06-24,CUST0215,P016,2,0.15,11077.2,1723.99,Mobile App,Cash on Delivery,Cancelled
ORD00785,2025-12-21,CUST0591,P015,2,0.2,12158.4,1208.83,Website,Net Banking,Delivered
ORD00786,2025-10-19,CUST0616,P014,1,0.05,1528.55,504.79,Mobile App,Cash on Delivery,Delivered
ORD00787,2025-12-30,CUST0101,P008,2,0.15,10880.0,2720.03,Website,Cash on Delivery,Returned
ORD00788,2025-08-12,CUST0571,P008,2,0.1,11520.0,1683.75,Marketplace,Debit Card,Returned
ORD00789,2025-07-03,CUST0492,P002,3,0.0,116175.0,35289.93,Marketplace,UPI,Returned
ORD00790,2025-06-02,CUST0316,P012,1,0.2,4557.6,17.88,Website,Cash on Delivery,Returned
ORD00791,2025-08-13,CUST0369,P016,1,0.0,6516.0,1242.85,Mobile App,Debit Card,Returned
ORD00792,2025-07-18,CUST0017,P009,2,0.1,2408.4,487.49,Marketplace,Credit Card,Returned
ORD00793,2025-07-07,CUST0157,P003,1,0.2,7428.0,1834.99,Mobile App,Credit Card,Delivered
ORD00794,2025-07-31,CUST0552,P017,4,0.1,24274.8,6381.83,Mobile App,Net Banking,Delivered
ORD00795,2025-07-08,CUST0339,P012,1,0.05,5412.15,676.88,Website,Cash on Delivery,Delivered
ORD00796,2025-08-13,CUST0148,P009,2,0.05,2542.2,318.23,Marketplace,Net Banking,Cancelled
ORD00797,2025-05-01,CUST0564,P011,1,0.2,2902.4,237.21,Mobile App,UPI,Delivered
ORD00798,2025-06-07,CUST0632,P004,2,0.2,66139.2,6052.4,Mobile App,Cash on Delivery,Returned
ORD00799,2025-07-08,CUST0468,P008,1,0.15,5440.0,200.16,Website,Debit Card,Cancelled
ORD00800,2025-04-02,CUST0267,P016,1,0.05,6190.2,1590.11,Mobile App,Net Banking,Delivered
ORD00801,2025-02-08,CUST0613,P003,1,0.15,7892.25,585.83,Mobile App,Net Banking,Delivered
ORD00802,2025-02-21,CUST0188,P015,4,0.0,30396.0,11839.6,Mobile App,Cash on Delivery,Delivered
ORD00803,2025-09-02,CUST0344,P009,2,0.0,2676.0,503.75,Mobile App,Debit Card,Delivered
ORD00804,2025-03-25,CUST0549,P002,2,0.05,73577.5,27653.51,Marketplace,Credit Card,Cancelled
ORD00805,2025-09-03,CUST0650,P003,2,0.2,14856.0,3357.09,Mobile App,Cash on Delivery,Delivered
ORD00806,2025-05-01,CUST0617,P002,1,0.15,32916.25,7803.26,Marketplace,Net Banking,Delivered
ORD00807,2025-11-01,CUST0696,P020,4,0.0,33744.0,5804.24,Website,Debit Card,Delivered
ORD00808,2025-10-26,CUST0156,P003,1,0.05,8820.75,1947.95,Mobile App,Credit Card,Returned
ORD00809,2025-10-03,CUST0411,P002,1,0.05,36788.75,12219.12,Mobile App,Debit Card,Delivered
ORD00810,2025-08-26,CUST0568,P007,4,0.0,39224.0,7067.24,Website,Credit Card,Returned
ORD00811,2025-02-28,CUST0604,P003,1,0.15,7892.25,2130.0,Website,Credit Card,Cancelled
ORD00812,2025-06-10,CUST0647,P006,1,0.15,10168.55,2710.54,Mobile App,Debit Card,Cancelled
ORD00813,2025-05-24,CUST0339,P015,2,0.05,14438.1,4888.12,Mobile App,UPI,Cancelled
ORD00814,2025-02-12,CUST0575,P003,2,0.0,18570.0,7484.54,Mobile App,Credit Card,Delivered
ORD00815,2025-01-25,CUST0695,P004,3,0.0,124011.0,44747.28,Mobile App,UPI,Delivered
ORD00816,2025-09-24,CUST0569,P020,4,0.15,28682.4,645.78,Mobile App,UPI,Delivered
ORD00817,2025-09-18,CUST0671,P016,4,0.2,20851.2,4886.76,Website,Cash on Delivery,Cancelled
ORD00818,2025-02-17,CUST0091,P003,3,0.15,23676.75,1464.46,Mobile App,UPI,Delivered
ORD00819,2025-05-01,CUST0063,P007,2,0.0,19612.0,6516.46,Mobile App,Net Banking,Cancelled
ORD00820,2025-03-05,CUST0675,P007,1,0.1,8825.4,933.95,Marketplace,Cash on Delivery,Delivered
ORD00821,2025-04-21,CUST0460,P009,2,0.15,2274.6,640.19,Marketplace,Credit Card,Delivered
ORD00822,2025-12-20,CUST0619,P012,2,0.05,10824.3,2366.79,Website,UPI,Delivered
ORD00823,2025-04-18,CUST0234,P010,1,0.1,10084.5,1913.96,Website,UPI,Delivered
ORD00824,2025-01-04,CUST0175,P011,1,0.2,2902.4,-127.6,Website,Net Banking,Delivered
ORD00825,2025-09-22,CUST0654,P006,2,0.15,20337.1,1663.73,Website,UPI,Delivered
ORD00826,2025-02-10,CUST0184,P007,1,0.05,9315.7,1963.16,Marketplace,UPI,Delivered
ORD00827,2025-07-02,CUST0157,P003,1,0.15,7892.25,1187.66,Mobile App,UPI,Cancelled
ORD00828,2025-01-30,CUST0495,P020,1,0.0,8436.0,2302.85,Mobile App,Cash on Delivery,Returned
ORD00829,2025-11-23,CUST0244,P019,2,0.15,12059.8,189.09,Mobile App,Credit Card,Delivered
ORD00830,2025-01-07,CUST0282,P010,2,0.1,20169.0,3776.04,Marketplace,Credit Card,Delivered
ORD00831,2025-10-01,CUST0576,P009,4,0.2,4281.6,814.16,Marketplace,Cash on Delivery,Returned
ORD00832,2025-05-12,CUST0562,P016,3,0.0,19548.0,6742.73,Website,Net Banking,Delivered
ORD00833,2025-09-13,CUST0451,P019,2,0.05,13478.6,3828.98,Website,Debit Card,Delivered
ORD00834,2025-12-14,CUST0157,P018,1,0.05,8468.3,1358.7,Mobile App,Credit Card,Delivered
ORD00835,2025-01-13,CUST0080,P015,1,0.2,6079.2,423.91,Website,Debit Card,Delivered
ORD00836,2025-06-02,CUST0581,P009,2,0.15,2274.6,539.41,Website,Cash on Delivery,Delivered
ORD00837,2025-10-27,CUST0085,P008,1,0.0,6400.0,1555.29,Website,UPI,Delivered
ORD00838,2025-06-04,CUST0138,P010,2,0.1,20169.0,2170.18,Marketplace,Net Banking,Returned
ORD00839,2025-08-04,CUST0205,P014,2,0.2,2574.4,121.11,Mobile App,UPI,Cancelled
ORD00840,2025-01-28,CUST0303,P013,1,0.1,1313.1,454.87,Mobile App,Cash on Delivery,Delivered
ORD00841,2025-02-14,CUST0381,P010,1,0.1,10084.5,787.99,Marketplace,UPI,Cancelled
ORD00842,2025-05-08,CUST0477,P017,2,0.15,11463.1,2387.38,Website,UPI,Returned
ORD00843,2025-11-02,CUST0462,P015,1,0.1,6839.1,1047.22,Website,Net Banking,Cancelled
ORD00844,2025-09-24,CUST0061,P004,1,0.0,41337.0,13245.22,Website,Net Banking,Delivered
ORD00845,2025-02-15,CUST0389,P019,1,0.1,6384.6,2040.56,Marketplace,Credit Card,Delivered
ORD00846,2025-07-30,CUST0651,P006,3,0.0,35889.0,12566.52,Mobile App,Credit Card,Delivered
ORD00847,2025-01-04,CUST0196,P019,4,0.2,22700.8,1044.43,Website,UPI,Cancelled
ORD00848,2025-02-23,CUST0379,P007,4,0.2,31379.2,4137.48,Marketplace,Net Banking,Delivered
ORD00849,2025-08-26,CUST0689,P001,1,0.1,50836.5,4658.38,Marketplace,UPI,Delivered
ORD00850,2025-10-25,CUST0612,P012,1,0.0,5697.0,2280.84,Marketplace,Cash on Delivery,Delivered
ORD00851,2025-03-30,CUST0631,P020,2,0.0,16872.0,5677.1,Marketplace,Credit Card,Returned
ORD00852,2025-06-03,CUST0415,P016,2,0.1,11728.8,3304.25,Marketplace,Credit Card,Returned
ORD00853,2025-06-07,CUST0068,P018,2,0.1,16045.2,1446.7,Marketplace,Net Banking,Delivered
ORD00854,2025-07-06,CUST0206,P005,1,0.05,12689.15,3912.76,Marketplace,Cash on Delivery,Delivered
ORD00855,2025-01-31,CUST0455,P016,4,0.1,23457.6,5098.02,Mobile App,Debit Card,Delivered
ORD00856,2025-06-14,CUST0191,P018,1,0.0,8914.0,2616.97,Website,Net Banking,Returned
ORD00857,2025-04-04,CUST0169,P001,2,0.05,107321.5,26472.17,Website,Cash on Delivery,Delivered
ORD00858,2025-02-28,CUST0364,P008,3,0.1,17280.0,4682.75,Marketplace,Net Banking,Returned
ORD00859,2025-10-10,CUST0514,P002,2,0.05,73577.5,20923.39,Marketplace,UPI,Delivered
ORD00860,2025-09-18,CUST0540,P015,2,0.0,15198.0,5369.36,Website,Debit Card,Delivered
ORD00861,2025-02-28,CUST0328,P008,2,0.05,12160.0,3794.26,Marketplace,Credit Card,Cancelled
ORD00862,2025-10-05,CUST0612,P020,3,0.1,22777.2,6158.27,Website,Debit Card,Delivered
ORD00863,2025-02-09,CUST0386,P018,2,0.1,16045.2,4028.88,Marketplace,Debit Card,Returned
ORD00864,2025-08-19,CUST0539,P010,2,0.2,17928.0,1955.48,Website,UPI,Delivered
ORD00865,2025-09-12,CUST0345,P012,1,0.05,5412.15,1315.92,Marketplace,Debit Card,Delivered
ORD00866,2025-11-16,CUST0391,P012,4,0.0,22788.0,7550.71,Marketplace,Debit Card,Delivered
ORD00867,2025-02-20,CUST0137,P020,2,0.2,13497.6,2822.41,Mobile App,Debit Card,Delivered
ORD00868,2025-08-26,CUST0284,P002,2,0.2,61960.0,14579.29,Website,Debit Card,Delivered
ORD00869,2025-11-04,CUST0013,P003,4,0.0,37140.0,8645.4,Website,UPI,Delivered
ORD00870,2025-07-09,CUST0118,P002,2,0.15,65832.5,14661.57,Marketplace,Debit Card,Cancelled
ORD00871,2025-10-13,CUST0403,P017,1,0.05,6405.85,2479.65,Marketplace,Net Banking,Delivered
ORD00872,2025-07-06,CUST0222,P017,2,0.0,13486.0,5003.44,Marketplace,Cash on Delivery,Delivered
ORD00873,2025-02-01,CUST0245,P001,1,0.2,45188.0,3099.18,Mobile App,Net Banking,Cancelled
ORD00874,2025-07-09,CUST0537,P001,3,0.2,135564.0,30343.82,Website,Debit Card,Delivered
ORD00875,2025-11-19,CUST0103,P008,2,0.15,10880.0,712.45,Marketplace,Net Banking,Delivered
ORD00876,2025-09-04,CUST0695,P016,4,0.1,23457.6,7872.71,Marketplace,Credit Card,Delivered
ORD00877,2025-02-01,CUST0555,P009,2,0.2,2140.8,547.58,Mobile App,Debit Card,Delivered
ORD00878,2025-07-18,CUST0170,P020,2,0.05,16028.4,4669.2,Mobile App,UPI,Cancelled
ORD00879,2025-10-11,CUST0604,P004,1,0.15,35136.45,5281.13,Mobile App,Net Banking,Returned
ORD00880,2025-09-17,CUST0072,P011,1,0.05,3446.6,1204.35,Website,Cash on Delivery,Returned
ORD00881,2025-03-12,CUST0354,P019,1,0.0,7094.0,2227.14,Marketplace,UPI,Cancelled
ORD00882,2025-02-25,CUST0197,P013,1,0.1,1313.1,276.27,Mobile App,Cash on Delivery,Returned
ORD00883,2025-05-24,CUST0209,P007,1,0.15,8335.1,604.09,Website,Net Banking,Delivered
ORD00884,2025-06-29,CUST0302,P001,3,0.05,160982.25,28285.55,Website,Debit Card,Delivered
ORD00885,2025-06-03,CUST0681,P001,1,0.1,50836.5,15409.94,Mobile App,Credit Card,Delivered
ORD00886,2025-12-09,CUST0297,P017,2,0.2,10788.8,2544.68,Mobile App,Cash on Delivery,Delivered
ORD00887,2025-10-13,CUST0179,P018,1,0.05,8468.3,2240.01,Mobile App,Net Banking,Returned
ORD00888,2025-09-04,CUST0548,P001,2,0.0,112970.0,38759.28,Website,Debit Card,Delivered
ORD00889,2025-06-24,CUST0347,P017,2,0.05,12811.7,1882.23,Website,Credit Card,Delivered
ORD00890,2025-12-25,CUST0634,P017,4,0.05,25623.4,6731.42,Marketplace,Net Banking,Delivered
ORD00891,2025-08-08,CUST0563,P013,1,0.0,1459.0,356.48,Marketplace,Net Banking,Returned
ORD00892,2025-09-01,CUST0554,P012,3,0.0,17091.0,3406.79,Mobile App,UPI,Delivered
ORD00893,2025-07-11,CUST0217,P008,1,0.15,5440.0,440.07,Mobile App,Debit Card,Cancelled
ORD00894,2025-03-07,CUST0264,P002,1,0.0,38725.0,14151.39,Website,Net Banking,Delivered
ORD00895,2025-08-10,CUST0125,P007,1,0.15,8335.1,239.45,Website,Credit Card,Delivered
ORD00896,2025-11-14,CUST0408,P010,1,0.1,10084.5,1791.6,Mobile App,Cash on Delivery,Delivered
ORD00897,2025-10-08,CUST0131,P004,2,0.2,66139.2,15055.59,Mobile App,Debit Card,Delivered
ORD00898,2025-10-22,CUST0201,P008,1,0.1,5760.0,599.71,Marketplace,Debit Card,Cancelled
ORD00899,2025-02-08,CUST0631,P001,3,0.1,152509.5,52389.07,Website,Credit Card,Cancelled
ORD00900,2025-03-21,CUST0143,P006,4,0.1,43066.8,14606.95,Mobile App,Net Banking,Delivered
ORD00901,2025-04-10,CUST0332,P007,2,0.05,18631.4,4643.22,Website,Credit Card,Delivered
ORD00902,2025-02-12,CUST0561,P008,3,0.05,18240.0,6943.82,Marketplace,Net Banking,Returned
ORD00903,2025-06-13,CUST0165,P010,1,0.0,11205.0,3207.81,Mobile App,Net Banking,Delivered
ORD00904,2025-07-17,CUST0247,P010,2,0.2,17928.0,1718.47,Marketplace,Net Banking,Delivered
ORD00905,2025-12-03,CUST0657,P016,1,0.1,5864.4,492.77,Mobile App,Net Banking,Delivered
ORD00906,2025-03-10,CUST0273,P009,2,0.05,2542.2,614.28,Marketplace,Credit Card,Cancelled
ORD00907,2025-03-26,CUST0527,P016,2,0.0,13032.0,4156.1,Website,Net Banking,Delivered
ORD00908,2025-01-07,CUST0293,P007,2,0.15,16670.2,2632.86,Mobile App,Cash on Delivery,Delivered
ORD00909,2025-03-04,CUST0557,P004,1,0.15,35136.45,10270.87,Mobile App,UPI,Cancelled
ORD00910,2025-12-26,CUST0531,P015,2,0.15,12918.3,3237.85,Mobile App,Credit Card,Returned
ORD00911,2025-12-31,CUST0539,P009,3,0.15,3411.9,439.3,Mobile App,Net Banking,Delivered
ORD00912,2025-09-14,CUST0413,P005,2,0.0,26714.0,8460.69,Marketplace,Net Banking,Cancelled
ORD00913,2025-02-01,CUST0405,P005,1,0.1,12021.3,2560.45,Website,Credit Card,Delivered
ORD00914,2025-11-15,CUST0159,P007,2,0.0,19612.0,4775.35,Marketplace,Cash on Delivery,Returned
ORD00915,2025-10-04,CUST0236,P015,1,0.15,6459.15,758.47,Marketplace,Credit Card,Delivered
ORD00916,2025-02-19,CUST0510,P005,1,0.05,12689.15,3328.2,Marketplace,Credit Card,Delivered
ORD00917,2025-03-10,CUST0293,P009,1,0.2,1070.4,216.08,Mobile App,Cash on Delivery,Cancelled
ORD00918,2025-09-17,CUST0576,P007,1,0.2,7844.8,1239.26,Website,Net Banking,Returned
ORD00919,2025-12-20,CUST0194,P020,2,0.05,16028.4,4436.13,Marketplace,UPI,Returned
ORD00920,2025-06-30,CUST0435,P006,3,0.0,35889.0,10006.63,Mobile App,UPI,Cancelled
ORD00921,2025-12-21,CUST0248,P020,1,0.2,6748.8,673.18,Marketplace,Credit Card,Delivered
ORD00922,2025-09-03,CUST0365,P007,3,0.15,25005.3,1769.12,Website,Cash on Delivery,Delivered
ORD00923,2025-05-04,CUST0565,P001,1,0.1,50836.5,9106.46,Mobile App,Cash on Delivery,Delivered
ORD00924,2025-08-03,CUST0303,P009,4,0.15,4549.2,899.69,Mobile App,Credit Card,Returned
ORD00925,2025-12-06,CUST0495,P015,2,0.15,12918.3,2674.06,Marketplace,Cash on Delivery,Delivered
ORD00926,2025-10-07,CUST0051,P004,1,0.1,37203.3,10131.79,Mobile App,Credit Card,Delivered
ORD00927,2025-03-20,CUST0620,P001,1,0.0,56485.0,20707.12,Website,Net Banking,Delivered
ORD00928,2025-06-15,CUST0148,P013,1,0.1,1313.1,118.74,Website,Debit Card,Delivered
ORD00929,2025-11-02,CUST0617,P011,2,0.2,5804.8,1156.34,Website,UPI,Cancelled
ORD00930,2025-10-08,CUST0110,P016,1,0.2,5212.8,1283.21,Mobile App,Debit Card,Cancelled
ORD00931,2025-11-07,CUST0100,P007,3,0.2,23534.4,5085.86,Marketplace,Credit Card,Returned
ORD00932,2025-03-19,CUST0593,P011,1,0.0,3628.0,859.94,Website,Net Banking,Returned
ORD00933,2025-09-19,CUST0197,P004,1,0.1,37203.3,2708.36,Marketplace,UPI,Cancelled
ORD00934,2025-07-12,CUST0105,P009,1,0.0,1338.0,346.72,Mobile App,Cash on Delivery,Delivered
ORD00935,2025-03-24,CUST0689,P012,2,0.05,10824.3,3716.93,Website,Debit Card,Delivered
ORD00936,2025-03-08,CUST0122,P005,2,0.0,26714.0,5621.91,Website,UPI,Delivered
ORD00937,2025-05-16,CUST0692,P001,3,0.0,169455.0,64059.87,Website,UPI,Delivered
ORD00938,2025-08-30,CUST0414,P008,1,0.1,5760.0,1907.5,Website,Debit Card,Returned
ORD00939,2025-09-19,CUST0318,P009,3,0.0,4014.0,1171.47,Website,Credit Card,Returned
ORD00940,2025-09-27,CUST0259,P016,1,0.05,6190.2,1453.75,Website,Credit Card,Delivered
ORD00941,2025-04-11,CUST0010,P002,1,0.0,38725.0,14048.34,Mobile App,Net Banking,Delivered
ORD00942,2025-10-21,CUST0044,P019,1,0.0,7094.0,1563.6,Mobile App,UPI,Delivered
ORD00943,2025-11-20,CUST0352,P008,4,0.1,23040.0,4812.79,Website,Cash on Delivery,Cancelled
ORD00944,2025-04-26,CUST0532,P004,3,0.2,99208.8,18836.92,Mobile App,UPI,Delivered
ORD00945,2025-02-12,CUST0503,P004,3,0.2,99208.8,18677.85,Mobile App,UPI,Returned
ORD00946,2025-02-07,CUST0140,P008,2,0.15,10880.0,1597.86,Marketplace,Credit Card,Delivered
ORD00947,2025-03-24,CUST0269,P019,2,0.1,12769.2,2739.44,Website,Cash on Delivery,Cancelled
ORD00948,2025-05-18,CUST0116,P017,1,0.0,6743.0,1542.79,Mobile App,Net Banking,Delivered
ORD00949,2025-09-11,CUST0148,P004,3,0.0,124011.0,29412.75,Mobile App,Debit Card,Cancelled
ORD00950,2025-03-29,CUST0075,P010,2,0.2,17928.0,2332.26,Mobile App,Credit Card,Delivered
ORD00951,2025-01-11,CUST0457,P013,1,0.0,1459.0,286.47,Website,Debit Card,Delivered
ORD00952,2025-08-27,CUST0284,P010,1,0.2,8964.0,464.81,Mobile App,Debit Card,Cancelled
ORD00953,2025-07-24,CUST0029,P014,1,0.2,1287.2,73.49,Marketplace,Cash on Delivery,Cancelled
ORD00954,2025-05-14,CUST0453,P018,2,0.2,14262.4,2922.09,Mobile App,Credit Card,Delivered
ORD00955,2025-09-19,CUST0553,P013,3,0.1,3939.3,617.05,Marketplace,Net Banking,Delivered
ORD00956,2025-08-16,CUST0224,P017,3,0.2,16183.2,4411.82,Mobile App,Cash on Delivery,Delivered
ORD00957,2025-05-27,CUST0111,P015,1,0.15,6459.15,1930.78,Mobile App,Cash on Delivery,Delivered
ORD00958,2025-07-30,CUST0128,P003,1,0.1,8356.5,1042.77,Website,Debit Card,Cancelled
ORD00959,2025-12-07,CUST0193,P002,2,0.1,69705.0,14112.31,Marketplace,Debit Card,Delivered
ORD00960,2025-05-16,CUST0218,P014,1,0.0,1609.0,673.79,Mobile App,UPI,Delivered
ORD00961,2025-11-25,CUST0665,P006,4,0.05,45459.4,10745.62,Marketplace,Credit Card,Delivered
ORD00962,2025-01-22,CUST0137,P015,4,0.2,24316.8,-442.94,Website,Net Banking,Delivered
ORD00963,2025-06-16,CUST0095,P011,3,0.1,9795.6,2837.92,Marketplace,Cash on Delivery,Cancelled
ORD00964,2025-09-01,CUST0480,P014,1,0.05,1528.55,556.78,Website,UPI,Cancelled
ORD00965,2025-03-10,CUST0689,P016,1,0.0,6516.0,1974.63,Mobile App,Credit Card,Delivered
ORD00966,2025-10-22,CUST0612,P003,3,0.1,25069.5,3467.19,Website,Net Banking,Cancelled
ORD00967,2025-05-13,CUST0297,P006,2,0.2,19140.8,-807.15,Mobile App,Debit Card,Returned
ORD00968,2025-12-19,CUST0640,P017,4,0.1,24274.8,1814.82,Website,Credit Card,Cancelled
ORD00969,2025-07-08,CUST0544,P001,2,0.0,112970.0,38978.5,Marketplace,Debit Card,Delivered
ORD00970,2025-10-21,CUST0635,P002,1,0.15,32916.25,1592.97,Marketplace,Cash on Delivery,Delivered
ORD00971,2025-10-29,CUST0611,P006,2,0.05,22729.7,5506.42,Marketplace,Cash on Delivery,Delivered
ORD00972,2025-11-22,CUST0616,P012,1,0.1,5127.3,491.23,Website,Net Banking,Delivered
ORD00973,2025-01-09,CUST0477,P018,1,0.05,8468.3,1665.61,Marketplace,Debit Card,Delivered
ORD00974,2025-05-08,CUST0622,P018,1,0.15,7576.9,2252.62,Website,Net Banking,Delivered
ORD00975,2025-10-16,CUST0097,P018,2,0.1,16045.2,1809.45,Marketplace,Credit Card,Delivered
ORD00976,2025-03-12,CUST0278,P019,2,0.1,12769.2,1134.59,Website,UPI,Cancelled
ORD00977,2025-05-02,CUST0015,P003,1,0.2,7428.0,100.73,Marketplace,Net Banking,Delivered
ORD00978,2025-01-24,CUST0675,P001,1,0.15,48012.25,14055.2,Website,Debit Card,Delivered
ORD00979,2025-08-06,CUST0326,P009,1,0.0,1338.0,358.45,Marketplace,Credit Card,Delivered
ORD00980,2025-09-02,CUST0261,P003,3,0.15,23676.75,5844.57,Website,Cash on Delivery,Cancelled
ORD00981,2025-11-14,CUST0291,P004,1,0.0,41337.0,13750.59,Marketplace,Credit Card,Cancelled
ORD00982,2025-10-10,CUST0248,P008,2,0.15,10880.0,985.57,Marketplace,Debit Card,Delivered
ORD00983,2025-08-23,CUST0138,P017,1,0.2,5394.4,71.53,Website,Cash on Delivery,Cancelled
ORD00984,2025-09-18,CUST0316,P013,3,0.05,4158.15,1381.47,Marketplace,Net Banking,Cancelled
ORD00985,2025-12-19,CUST0364,P007,1,0.15,8335.1,340.39,Mobile App,UPI,Cancelled
ORD00986,2025-03-03,CUST0143,P003,1,0.0,9285.0,2258.04,Marketplace,Debit Card,Returned
ORD00987,2025-09-09,CUST0627,P010,1,0.1,10084.5,2553.85,Mobile App,Cash on Delivery,Delivered
ORD00988,2025-12-25,CUST0237,P020,3,0.1,22777.2,5656.13,Marketplace,Debit Card,Delivered
ORD00989,2025-07-12,CUST0107,P006,4,0.1,43066.8,3384.0,Marketplace,UPI,Delivered
ORD00990,2025-11-04,CUST0254,P019,3,0.05,20217.9,5253.0,Mobile App,Cash on Delivery,Delivered
ORD00991,2025-08-01,CUST0333,P016,1,0.15,5538.6,470.32,Mobile App,Net Banking,Delivered
ORD00992,2025-01-29,CUST0672,P019,1,0.1,6384.6,2011.86,Website,Debit Card,Delivered
ORD00993,2025-12-01,CUST0047,P001,1,0.15,48012.25,8010.54,Marketplace,Cash on Delivery,Delivered
ORD00994,2025-06-17,CUST0017,P015,1,0.1,6839.1,1076.57,Mobile App,UPI,Delivered
ORD00995,2025-05-08,CUST0408,P004,4,0.1,148813.2,14238.33,Marketplace,Cash on Delivery,Delivered
ORD00996,2025-01-27,CUST0272,P011,1,0.0,3628.0,1006.46,Website,Debit Card,Returned
ORD00997,2025-11-26,CUST0597,P005,3,0.05,38067.45,8383.87,Website,Credit Card,Delivered
ORD00998,2025-01-21,CUST0534,P015,1,0.05,7219.05,2334.95,Marketplace,UPI,Delivered
ORD00999,2025-02-14,CUST0442,P005,1,0.05,12689.15,4809.85,Mobile App,Credit Card,Delivered
ORD01000,2025-11-15,CUST0353,P014,1,0.05,1528.55,559.11,Mobile App,UPI,Delivered
ORD01001,2025-06-22,CUST0140,P009,2,0.1,2408.4,300.79,Marketplace,UPI,Delivered
ORD01002,2025-09-17,CUST0612,P006,1,0.2,9570.4,382.39,Marketplace,Credit Card,Returned
ORD01003,2025-12-26,CUST0315,P018,1,0.05,8468.3,1437.93,Marketplace,UPI,Delivered
ORD01004,2025-05-12,CUST0053,P013,1,0.0,1459.0,388.39,Website,Net Banking,Delivered
ORD01005,2025-11-24,CUST0415,P014,1,0.1,1448.1,496.94,Mobile App,Cash on Delivery,Delivered
ORD01006,2025-09-23,CUST0155,P006,1,0.2,9570.4,1508.04,Website,Cash on Delivery,Cancelled
ORD01007,2025-04-07,CUST0455,P011,2,0.15,6167.6,141.12,Marketplace,Cash on Delivery,Returned
ORD01008,2025-01-16,CUST0343,P001,1,0.1,50836.5,6220.88,Website,Debit Card,Delivered
ORD01009,2025-09-21,CUST0130,P001,3,0.15,144036.75,35863.51,Website,UPI,Cancelled
ORD01010,2025-07-18,CUST0440,P018,1,0.0,8914.0,1933.55,Mobile App,Credit Card,Cancelled
ORD01011,2025-02-27,CUST0124,P009,2,0.0,2676.0,883.2,Website,Net Banking,Delivered
ORD01012,2025-10-10,CUST0196,P001,2,0.1,101673.0,16669.68,Marketplace,Net Banking,Cancelled
ORD01013,2025-11-02,CUST0177,P016,1,0.05,6190.2,1427.03,Website,Credit Card,Delivered
ORD01014,2025-09-07,CUST0354,P010,1,0.2,8964.0,1722.93,Mobile App,Cash on Delivery,Delivered
ORD01015,2025-11-17,CUST0647,P017,1,0.0,6743.0,2808.84,Mobile App,Net Banking,Delivered
ORD01016,2025-02-12,CUST0144,P015,1,0.15,6459.15,623.39,Website,Net Banking,Cancelled
ORD01017,2025-10-07,CUST0654,P018,4,0.0,35656.0,9082.24,Mobile App,Net Banking,Delivered
ORD01018,2025-08-03,CUST0446,P006,4,0.05,45459.4,15502.06,Website,Debit Card,Cancelled
ORD01019,2025-12-03,CUST0598,P017,1,0.15,5731.55,1072.26,Website,UPI,Returned
ORD01020,2025-04-06,CUST0570,P004,1,0.0,41337.0,16118.24,Website,Debit Card,Cancelled
ORD01021,2025-01-16,CUST0622,P006,2,0.1,21533.4,4388.56,Marketplace,UPI,Delivered
ORD01022,2025-02-17,CUST0649,P003,3,0.05,26462.25,7374.81,Marketplace,Cash on Delivery,Delivered
ORD01023,2025-02-10,CUST0571,P016,4,0.0,26064.0,6862.2,Website,Net Banking,Cancelled
ORD01024,2025-02-27,CUST0211,P009,2,0.0,2676.0,582.87,Website,Net Banking,Cancelled
ORD01025,2025-11-06,CUST0682,P016,1,0.1,5864.4,887.3,Mobile App,Debit Card,Returned
ORD01026,2025-01-29,CUST0298,P013,1,0.2,1167.2,111.44,Marketplace,Cash on Delivery,Delivered
ORD01027,2025-02-24,CUST0347,P003,4,0.15,31569.0,8761.81,Mobile App,Net Banking,Cancelled
ORD01028,2025-01-06,CUST0420,P012,4,0.1,20509.2,2479.22,Mobile App,UPI,Delivered
ORD01029,2025-10-18,CUST0267,P011,1,0.2,2902.4,580.3,Website,Credit Card,Delivered
ORD01030,2025-02-16,CUST0616,P011,1,0.0,3628.0,1504.11,Website,Debit Card,Cancelled
ORD01031,2025-08-18,CUST0661,P006,4,0.0,47852.0,8391.63,Website,UPI,Delivered
ORD01032,2025-03-18,CUST0160,P007,4,0.1,35301.6,4632.39,Website,UPI,Delivered
ORD01033,2025-12-18,CUST0627,P019,2,0.15,12059.8,1593.83,Mobile App,Credit Card,Cancelled
ORD01034,2025-06-20,CUST0416,P005,1,0.05,12689.15,4063.28,Marketplace,Cash on Delivery,Returned
ORD01035,2025-02-08,CUST0454,P019,2,0.2,11350.4,2661.26,Marketplace,Debit Card,Delivered
ORD01036,2025-09-05,CUST0439,P016,2,0.1,11728.8,2307.66,Marketplace,Cash on Delivery,Returned
ORD01037,2025-06-09,CUST0670,P018,1,0.0,8914.0,2436.3,Website,UPI,Returned
ORD01038,2025-10-05,CUST0414,P006,3,0.1,32300.1,9041.0,Website,Net Banking,Delivered
ORD01039,2025-09-27,CUST0330,P012,2,0.2,9115.2,-324.73,Marketplace,Debit Card,Delivered
ORD01040,2025-07-31,CUST0048,P015,4,0.15,25836.6,5562.93,Marketplace,Debit Card,Delivered
ORD01041,2025-08-24,CUST0481,P003,2,0.05,17641.5,6238.24,Marketplace,UPI,Delivered
ORD01042,2025-08-11,CUST0217,P015,1,0.15,6459.15,639.77,Mobile App,UPI,Cancelled
ORD01043,2025-05-01,CUST0615,P014,1,0.05,1528.55,348.08,Marketplace,Debit Card,Delivered
ORD01044,2025-08-04,CUST0021,P003,2,0.2,14856.0,3579.18,Mobile App,UPI,Delivered
ORD01045,2025-04-09,CUST0215,P002,2,0.2,61960.0,7182.17,Mobile App,Credit Card,Delivered
ORD01046,2025-09-13,CUST0183,P008,4,0.1,23040.0,4917.8,Website,Cash on Delivery,Delivered
ORD01047,2025-03-01,CUST0698,P006,4,0.0,47852.0,11640.44,Mobile App,Net Banking,Returned
ORD01048,2025-12-23,CUST0182,P013,2,0.15,2480.3,733.23,Mobile App,Net Banking,Cancelled
ORD01049,2025-01-22,CUST0361,P003,1,0.2,7428.0,-74.15,Mobile App,Credit Card,Delivered
ORD01050,2025-03-12,CUST0674,P007,2,0.1,17650.8,1192.01,Mobile App,Debit Card,Delivered
ORD01051,2025-05-02,CUST0252,P015,2,0.1,13678.2,4788.85,Website,Debit Card,Delivered
ORD01052,2025-05-07,CUST0213,P001,1,0.05,53660.75,11002.31,Website,Cash on Delivery,Returned
ORD01053,2025-05-05,CUST0075,P010,1,0.05,10644.75,3790.63,Mobile App,Net Banking,Cancelled
ORD01054,2025-02-03,CUST0255,P015,1,0.0,7599.0,2627.22,Marketplace,Cash on Delivery,Delivered
ORD01055,2025-05-11,CUST0386,P011,1,0.15,3083.8,784.61,Website,Debit Card,Returned
ORD01056,2025-04-12,CUST0107,P019,2,0.2,11350.4,-18.59,Marketplace,UPI,Delivered
ORD01057,2025-09-06,CUST0267,P006,3,0.0,35889.0,14607.96,Website,Credit Card,Cancelled
ORD01058,2025-01-31,CUST0394,P016,3,0.05,18570.6,5039.7,Marketplace,Debit Card,Delivered
ORD01059,2025-06-23,CUST0462,P014,2,0.2,2574.4,294.99,Mobile App,UPI,Delivered
ORD01060,2025-12-29,CUST0141,P009,1,0.0,1338.0,374.98,Website,Net Banking,Cancelled
ORD01061,2025-04-24,CUST0119,P006,1,0.0,11963.0,3170.85,Website,UPI,Cancelled
ORD01062,2025-03-05,CUST0490,P014,3,0.1,4344.3,978.09,Website,Net Banking,Delivered
ORD01063,2025-07-03,CUST0047,P009,1,0.15,1137.3,270.0,Marketplace,Net Banking,Returned
ORD01064,2025-04-28,CUST0600,P020,1,0.15,7170.6,719.34,Mobile App,Debit Card,Delivered
ORD01065,2025-12-09,CUST0070,P009,2,0.1,2408.4,322.18,Website,Credit Card,Delivered
ORD01066,2025-06-18,CUST0159,P002,1,0.1,34852.5,4575.72,Mobile App,UPI,Delivered
ORD01067,2025-03-08,CUST0059,P010,3,0.05,31934.25,8158.49,Mobile App,Debit Card,Returned
ORD01068,2025-09-24,CUST0631,P018,3,0.2,21393.6,4832.49,Mobile App,UPI,Delivered
ORD01069,2025-12-22,CUST0114,P003,4,0.2,29712.0,1241.5,Website,Cash on Delivery,Returned
ORD01070,2025-01-10,CUST0473,P019,1,0.05,6739.3,2386.36,Website,Net Banking,Delivered
ORD01071,2025-09-27,CUST0360,P013,2,0.05,2772.1,907.01,Mobile App,UPI,Returned
ORD01072,2025-02-05,CUST0141,P007,1,0.15,8335.1,193.87,Mobile App,Net Banking,Cancelled
ORD01073,2025-11-25,CUST0438,P020,1,0.2,6748.8,1349.21,Website,Cash on Delivery,Delivered
ORD01074,2025-08-01,CUST0626,P009,1,0.0,1338.0,450.79,Marketplace,Cash on Delivery,Delivered
ORD01075,2025-01-30,CUST0639,P016,2,0.05,12380.4,2170.24,Mobile App,Net Banking,Cancelled
ORD01076,2025-12-28,CUST0209,P003,1,0.1,8356.5,1590.42,Marketplace,Debit Card,Returned
ORD01077,2025-09-27,CUST0650,P017,1,0.0,6743.0,2184.49,Marketplace,Cash on Delivery,Returned
ORD01078,2025-07-21,CUST0582,P020,4,0.1,30369.6,4198.46,Mobile App,Net Banking,Returned
ORD01079,2025-09-15,CUST0271,P005,1,0.1,12021.3,876.15,Website,Credit Card,Returned
ORD01080,2025-10-20,CUST0033,P002,1,0.1,34852.5,8509.84,Website,Debit Card,Delivered
ORD01081,2025-02-05,CUST0699,P001,2,0.15,96024.5,21183.31,Website,Debit Card,Delivered
ORD01082,2025-05-19,CUST0425,P008,1,0.05,6080.0,1560.86,Marketplace,Debit Card,Delivered
ORD01083,2025-11-15,CUST0391,P010,2,0.05,21289.5,3920.77,Marketplace,UPI,Returned
ORD01084,2025-06-08,CUST0088,P008,3,0.15,16320.0,2500.28,Mobile App,Debit Card,Delivered
ORD01085,2025-01-03,CUST0315,P010,1,0.15,9524.25,1131.41,Mobile App,Credit Card,Returned
ORD01086,2025-07-10,CUST0259,P001,2,0.15,96024.5,9296.57,Website,Credit Card,Returned
ORD01087,2025-01-28,CUST0143,P005,3,0.05,38067.45,8292.85,Mobile App,Debit Card,Returned
ORD01088,2025-02-06,CUST0297,P017,2,0.1,12137.4,2651.36,Marketplace,UPI,Delivered
ORD01089,2025-03-08,CUST0454,P014,2,0.05,3057.1,368.46,Mobile App,Credit Card,Returned
ORD01090,2025-05-26,CUST0203,P009,1,0.2,1070.4,139.64,Marketplace,Net Banking,Delivered
ORD01091,2025-08-12,CUST0676,P020,3,0.0,25308.0,10503.73,Mobile App,Cash on Delivery,Delivered
ORD01092,2025-08-26,CUST0579,P003,1,0.15,7892.25,1948.04,Marketplace,UPI,Returned
ORD01093,2025-03-19,CUST0101,P013,3,0.05,4158.15,1082.47,Website,Debit Card,Delivered
ORD01094,2025-12-24,CUST0437,P005,1,0.05,12689.15,1810.17,Website,UPI,Cancelled
ORD01095,2025-06-03,CUST0238,P008,1,0.0,6400.0,2509.02,Mobile App,Debit Card,Delivered
ORD01096,2025-11-14,CUST0163,P010,1,0.0,11205.0,1797.6,Mobile App,Debit Card,Cancelled
ORD01097,2025-07-21,CUST0015,P017,1,0.05,6405.85,1071.5,Mobile App,Credit Card,Delivered
ORD01098,2025-08-29,CUST0667,P019,3,0.15,18089.7,2470.59,Mobile App,Credit Card,Returned
ORD01099,2025-08-05,CUST0534,P018,1,0.0,8914.0,2815.71,Marketplace,Debit Card,Delivered
ORD01100,2025-09-30,CUST0681,P004,3,0.05,117810.45,16247.74,Mobile App,Credit Card,Delivered
ORD01101,2025-01-01,CUST0608,P006,1,0.2,9570.4,1667.45,Website,UPI,Delivered
ORD01102,2025-07-04,CUST0353,P010,2,0.1,20169.0,7079.54,Website,Debit Card,Returned
ORD01103,2025-10-18,CUST0379,P014,4,0.0,6436.0,2442.92,Marketplace,Cash on Delivery,Cancelled
ORD01104,2025-09-01,CUST0646,P013,1,0.15,1240.15,206.39,Marketplace,Cash on Delivery,Returned
ORD01105,2025-07-12,CUST0220,P002,1,0.2,30980.0,702.61,Marketplace,Cash on Delivery,Delivered
ORD01106,2025-06-29,CUST0109,P014,3,0.0,4827.0,1548.93,Mobile App,Net Banking,Cancelled
ORD01107,2025-09-23,CUST0278,P005,1,0.2,10685.6,1952.78,Website,Net Banking,Delivered
ORD01108,2025-08-18,CUST0637,P017,1,0.15,5731.55,560.38,Mobile App,Net Banking,Delivered
ORD01109,2025-04-22,CUST0082,P020,1,0.2,6748.8,-68.16,Marketplace,Cash on Delivery,Returned
ORD01110,2025-08-23,CUST0077,P014,2,0.1,2896.2,370.76,Mobile App,Cash on Delivery,Delivered
ORD01111,2025-01-22,CUST0437,P001,3,0.05,160982.25,52199.84,Mobile App,Net Banking,Cancelled
ORD01112,2025-06-17,CUST0074,P017,4,0.2,21577.6,1374.45,Mobile App,Net Banking,Delivered
ORD01113,2025-02-23,CUST0171,P011,1,0.15,3083.8,427.18,Mobile App,Credit Card,Delivered
ORD01114,2025-11-27,CUST0665,P015,1,0.0,7599.0,2154.56,Website,Cash on Delivery,Returned
ORD01115,2025-05-06,CUST0132,P009,2,0.15,2274.6,411.62,Mobile App,Cash on Delivery,Delivered
ORD01116,2025-04-15,CUST0085,P018,1,0.1,8022.6,2496.05,Marketplace,UPI,Delivered
ORD01117,2025-10-12,CUST0409,P010,1,0.2,8964.0,984.44,Mobile App,Credit Card,Returned
ORD01118,2025-03-05,CUST0224,P017,2,0.05,12811.7,2310.83,Marketplace,Net Banking,Returned
ORD01119,2025-07-02,CUST0426,P012,3,0.05,16236.45,1978.63,Marketplace,Net Banking,Delivered
ORD01120,2025-06-16,CUST0698,P010,1,0.0,11205.0,3127.72,Marketplace,Debit Card,Cancelled
ORD01121,2025-04-08,CUST0310,P020,3,0.1,22777.2,1896.26,Marketplace,Cash on Delivery,Delivered
ORD01122,2025-10-10,CUST0041,P003,1,0.2,7428.0,8.02,Marketplace,Net Banking,Returned
ORD01123,2025-08-05,CUST0040,P001,3,0.2,135564.0,7549.93,Website,Net Banking,Returned
ORD01124,2025-05-02,CUST0582,P014,2,0.2,2574.4,367.16,Mobile App,Net Banking,Delivered
ORD01125,2025-10-21,CUST0055,P018,1,0.2,7131.2,1591.94,Website,Cash on Delivery,Delivered
ORD01126,2025-01-20,CUST0319,P016,1,0.05,6190.2,1985.18,Website,Debit Card,Delivered
ORD01127,2025-12-18,CUST0298,P003,1,0.2,7428.0,-46.82,Website,Cash on Delivery,Delivered
ORD01128,2025-06-12,CUST0207,P017,1,0.1,6068.7,2025.93,Mobile App,Net Banking,Delivered
ORD01129,2025-09-13,CUST0564,P018,1,0.0,8914.0,2760.46,Marketplace,UPI,Delivered
ORD01130,2025-06-21,CUST0139,P005,4,0.0,53428.0,17992.29,Website,Debit Card,Delivered
ORD01131,2025-07-29,CUST0220,P017,3,0.0,20229.0,7652.38,Marketplace,UPI,Delivered
ORD01132,2025-01-18,CUST0334,P010,4,0.1,40338.0,4115.51,Marketplace,Cash on Delivery,Cancelled
ORD01133,2025-09-12,CUST0450,P001,1,0.2,45188.0,5011.64,Mobile App,Debit Card,Returned
ORD01134,2025-06-26,CUST0583,P010,2,0.2,17928.0,-686.48,Mobile App,Cash on Delivery,Returned
ORD01135,2025-04-07,CUST0520,P003,1,0.0,9285.0,3043.22,Marketplace,Cash on Delivery,Delivered
ORD01136,2025-05-05,CUST0201,P008,1,0.0,6400.0,1725.89,Website,Net Banking,Returned
ORD01137,2025-11-21,CUST0627,P014,3,0.05,4585.65,1485.5,Marketplace,Credit Card,Returned
ORD01138,2025-06-18,CUST0662,P005,1,0.2,10685.6,1885.97,Mobile App,Cash on Delivery,Returned
ORD01139,2025-11-17,CUST0443,P019,3,0.05,20217.9,3847.18,Mobile App,UPI,Returned
ORD01140,2025-12-23,CUST0580,P007,2,0.05,18631.4,3356.19,Mobile App,Net Banking,Returned
ORD01141,2025-11-21,CUST0038,P003,2,0.0,18570.0,6888.45,Marketplace,Cash on Delivery,Returned
ORD01142,2025-05-26,CUST0425,P001,3,0.1,152509.5,32369.44,Marketplace,UPI,Delivered
ORD01143,2025-10-11,CUST0264,P017,2,0.1,12137.4,1106.84,Website,UPI,Cancelled
ORD01144,2025-08-22,CUST0507,P016,1,0.15,5538.6,486.0,Mobile App,UPI,Cancelled
ORD01145,2025-10-28,CUST0500,P007,1,0.05,9315.7,2260.32,Website,Cash on Delivery,Delivered
ORD01146,2025-01-27,CUST0178,P012,4,0.1,20509.2,4638.56,Marketplace,Net Banking,Delivered
ORD01147,2025-03-23,CUST0431,P020,1,0.05,8014.2,2138.58,Website,UPI,Cancelled
ORD01148,2025-11-15,CUST0419,P012,2,0.0,11394.0,2593.63,Marketplace,Net Banking,Delivered
ORD01149,2025-12-18,CUST0571,P005,1,0.1,12021.3,1081.76,Marketplace,Cash on Delivery,Delivered
ORD01150,2025-03-31,CUST0641,P019,4,0.0,28376.0,11178.18,Marketplace,Debit Card,Returned
ORD01151,2025-09-28,CUST0175,P019,1,0.15,6029.9,981.5,Mobile App,Debit Card,Delivered
ORD01152,2025-07-25,CUST0638,P017,4,0.0,26972.0,11295.37,Website,Cash on Delivery,Delivered
ORD01153,2025-06-15,CUST0442,P015,1,0.2,6079.2,-58.76,Marketplace,UPI,Delivered
ORD01154,2025-03-17,CUST0577,P011,1,0.15,3083.8,73.95,Marketplace,Net Banking,Delivered
ORD01155,2025-09-08,CUST0021,P011,1,0.15,3083.8,948.28,Website,Cash on Delivery,Delivered
ORD01156,2025-04-15,CUST0406,P002,1,0.0,38725.0,15948.57,Marketplace,Credit Card,Delivered
ORD01157,2025-04-28,CUST0119,P013,1,0.05,1386.05,406.14,Marketplace,UPI,Returned
ORD01158,2025-05-26,CUST0526,P008,2,0.0,12800.0,2900.67,Mobile App,Credit Card,Returned
ORD01159,2025-11-19,CUST0499,P011,2,0.1,6530.4,1197.22,Mobile App,UPI,Delivered
ORD01160,2025-08-08,CUST0229,P009,2,0.0,2676.0,926.42,Website,Debit Card,Cancelled
ORD01161,2025-07-12,CUST0099,P009,1,0.0,1338.0,238.25,Marketplace,UPI,Returned
ORD01162,2025-07-23,CUST0208,P008,3,0.0,19200.0,3841.36,Website,Credit Card,Delivered
ORD01163,2025-02-24,CUST0097,P005,2,0.0,26714.0,9095.12,Mobile App,Cash on Delivery,Returned
ORD01164,2025-08-07,CUST0308,P012,1,0.15,4842.45,1507.38,Marketplace,Net Banking,Delivered
ORD01165,2025-12-07,CUST0228,P011,2,0.1,6530.4,2235.11,Mobile App,UPI,Delivered
ORD01166,2025-12-26,CUST0054,P012,3,0.1,15381.9,4913.23,Marketplace,UPI,Delivered
ORD01167,2025-11-14,CUST0243,P019,1,0.0,7094.0,2414.98,Mobile App,Cash on Delivery,Returned
ORD01168,2025-01-28,CUST0523,P012,2,0.2,9115.2,1156.68,Mobile App,Cash on Delivery,Cancelled
ORD01169,2025-10-07,CUST0181,P001,1,0.05,53660.75,9893.05,Website,Credit Card,Delivered
ORD01170,2025-11-26,CUST0682,P010,3,0.15,28572.75,8054.37,Mobile App,Credit Card,Returned
ORD01171,2025-02-09,CUST0166,P002,1,0.15,32916.25,1990.78,Mobile App,Net Banking,Cancelled
ORD01172,2025-10-17,CUST0700,P008,1,0.2,5120.0,-67.18,Website,UPI,Delivered
ORD01173,2025-03-26,CUST0539,P002,1,0.15,32916.25,3543.49,Website,Debit Card,Returned
ORD01174,2025-12-23,CUST0460,P009,3,0.2,3211.2,-96.22,Marketplace,UPI,Cancelled
ORD01175,2025-07-07,CUST0084,P011,1,0.15,3083.8,315.55,Website,Credit Card,Returned
ORD01176,2025-02-20,CUST0185,P010,1,0.2,8964.0,1082.96,Mobile App,UPI,Delivered
ORD01177,2025-09-28,CUST0134,P012,2,0.0,11394.0,4347.68,Marketplace,Credit Card,Delivered
ORD01178,2025-11-12,CUST0437,P010,4,0.2,35856.0,3460.52,Website,Net Banking,Returned
ORD01179,2025-06-21,CUST0178,P007,2,0.2,15689.6,847.87,Mobile App,UPI,Cancelled
ORD01180,2025-08-09,CUST0688,P011,2,0.2,5804.8,627.95,Website,UPI,Cancelled
ORD01181,2025-07-26,CUST0216,P010,4,0.15,38097.0,3790.17,Mobile App,Cash on Delivery,Delivered
ORD01182,2025-07-23,CUST0439,P011,2,0.0,7256.0,1365.98,Mobile App,Credit Card,Delivered
ORD01183,2025-06-27,CUST0607,P010,1,0.0,11205.0,3950.43,Marketplace,Net Banking,Cancelled
ORD01184,2025-10-18,CUST0303,P007,1,0.1,8825.4,592.82,Website,Net Banking,Delivered
ORD01185,2025-01-28,CUST0671,P017,3,0.15,17194.65,4776.38,Marketplace,UPI,Delivered
ORD01186,2025-11-02,CUST0003,P014,2,0.05,3057.1,726.21,Mobile App,UPI,Delivered
ORD01187,2025-06-23,CUST0286,P017,1,0.0,6743.0,2185.44,Mobile App,UPI,Delivered
ORD01188,2025-06-28,CUST0568,P019,2,0.1,12769.2,3896.47,Marketplace,UPI,Delivered
ORD01189,2025-09-28,CUST0576,P016,3,0.2,15638.4,1955.91,Website,Net Banking,Returned
ORD01190,2025-08-26,CUST0404,P002,1,0.15,32916.25,2850.09,Mobile App,Credit Card,Cancelled
ORD01191,2025-05-06,CUST0490,P014,1,0.2,1287.2,-43.02,Marketplace,Credit Card,Delivered
ORD01192,2025-10-26,CUST0590,P012,3,0.1,15381.9,2473.74,Website,Debit Card,Delivered
ORD01193,2025-08-02,CUST0610,P003,2,0.1,16713.0,3107.32,Website,Credit Card,Delivered
ORD01194,2025-03-29,CUST0326,P008,2,0.2,10240.0,-39.6,Website,Debit Card,Delivered
ORD01195,2025-09-06,CUST0269,P017,1,0.2,5394.4,15.15,Mobile App,Net Banking,Delivered
ORD01196,2025-03-23,CUST0211,P017,2,0.1,12137.4,1016.14,Marketplace,Debit Card,Delivered
ORD01197,2025-06-26,CUST0333,P002,1,0.2,30980.0,7025.89,Marketplace,Cash on Delivery,Delivered
ORD01198,2025-09-07,CUST0380,P005,2,0.05,25378.3,7115.85,Mobile App,Debit Card,Delivered
ORD01199,2025-02-20,CUST0564,P015,2,0.2,12158.4,2.9,Mobile App,Net Banking,Delivered
ORD01200,2025-07-15,CUST0650,P006,2,0.0,23926.0,7517.17,Marketplace,Cash on Delivery,Returned
ORD01201,2025-10-22,CUST0547,P001,2,0.0,112970.0,26482.82,Website,UPI,Delivered
ORD01202,2025-02-02,CUST0537,P003,1,0.05,8820.75,3088.01,Mobile App,UPI,Delivered
ORD01203,2025-04-21,CUST0276,P019,4,0.0,28376.0,10234.93,Marketplace,UPI,Delivered
ORD01204,2025-05-12,CUST0579,P014,1,0.2,1287.2,233.77,Mobile App,Cash on Delivery,Delivered
ORD01205,2025-05-26,CUST0002,P015,2,0.2,12158.4,543.58,Marketplace,Debit Card,Returned
ORD01206,2025-05-15,CUST0075,P002,2,0.05,73577.5,13344.71,Marketplace,Net Banking,Delivered
ORD01207,2025-10-19,CUST0475,P004,1,0.05,39270.15,11543.99,Website,Credit Card,Returned
ORD01208,2025-03-03,CUST0385,P020,2,0.2,13497.6,3554.31,Website,Credit Card,Delivered
ORD01209,2025-10-11,CUST0212,P020,1,0.05,8014.2,2912.96,Marketplace,Credit Card,Returned
ORD01210,2025-06-13,CUST0374,P016,4,0.05,24760.8,3657.31,Website,Debit Card,Delivered
ORD01211,2025-06-28,CUST0598,P009,1,0.2,1070.4,65.64,Mobile App,Cash on Delivery,Delivered
ORD01212,2025-06-05,CUST0456,P005,2,0.2,21371.2,4222.03,Website,Cash on Delivery,Delivered
ORD01213,2025-08-21,CUST0450,P012,3,0.15,14527.35,2359.96,Website,Debit Card,Returned
ORD01214,2025-04-06,CUST0301,P004,3,0.0,124011.0,42497.12,Mobile App,Debit Card,Cancelled
ORD01215,2025-08-07,CUST0332,P020,3,0.15,21511.8,2146.09,Mobile App,UPI,Delivered
ORD01216,2025-08-13,CUST0350,P015,4,0.05,28876.2,9220.33,Mobile App,Cash on Delivery,Returned
ORD01217,2025-01-13,CUST0606,P007,4,0.0,39224.0,6878.49,Marketplace,Cash on Delivery,Returned
ORD01218,2025-10-14,CUST0681,P010,1,0.2,8964.0,993.4,Website,Debit Card,Returned
ORD01219,2025-01-21,CUST0505,P016,2,0.2,10425.6,1379.17,Website,Credit Card,Delivered
ORD01220,2025-08-27,CUST0119,P018,2,0.1,16045.2,3303.45,Mobile App,Cash on Delivery,Delivered
ORD01221,2025-08-05,CUST0528,P020,2,0.0,16872.0,7030.22,Website,Credit Card,Delivered
ORD01222,2025-09-09,CUST0215,P003,1,0.0,9285.0,3019.86,Mobile App,UPI,Delivered
ORD01223,2025-05-12,CUST0394,P004,2,0.0,82674.0,21304.74,Marketplace,Debit Card,Delivered
ORD01224,2025-02-20,CUST0591,P012,2,0.15,9684.9,448.57,Mobile App,Debit Card,Delivered
ORD01225,2025-05-25,CUST0533,P003,1,0.1,8356.5,2441.92,Mobile App,Cash on Delivery,Delivered
ORD01226,2025-02-27,CUST0521,P005,1,0.05,12689.15,2561.29,Website,Cash on Delivery,Delivered
ORD01227,2025-06-27,CUST0540,P005,1,0.0,13357.0,3769.03,Marketplace,Net Banking,Returned
ORD01228,2025-11-14,CUST0176,P008,2,0.1,11520.0,2950.59,Marketplace,Cash on Delivery,Delivered
ORD01229,2025-09-25,CUST0125,P018,1,0.15,7576.9,1240.03,Marketplace,Debit Card,Delivered
ORD01230,2025-07-07,CUST0313,P019,2,0.2,11350.4,1478.44,Marketplace,Credit Card,Cancelled
ORD01231,2025-02-14,CUST0422,P013,2,0.1,2626.2,781.22,Marketplace,Credit Card,Delivered
ORD01232,2025-03-13,CUST0674,P012,2,0.15,9684.9,1244.38,Website,UPI,Delivered
ORD01233,2025-06-14,CUST0567,P005,2,0.05,25378.3,6222.67,Mobile App,Net Banking,Delivered
ORD01234,2025-01-08,CUST0609,P003,4,0.0,37140.0,11884.24,Mobile App,Cash on Delivery,Cancelled
ORD01235,2025-04-16,CUST0101,P002,2,0.1,69705.0,23864.27,Mobile App,Net Banking,Returned
ORD01236,2025-07-24,CUST0525,P009,2,0.05,2542.2,975.3,Mobile App,Cash on Delivery,Cancelled
ORD01237,2025-12-12,CUST0054,P020,2,0.1,15184.8,4098.2,Mobile App,Cash on Delivery,Delivered
ORD01238,2025-09-02,CUST0420,P017,1,0.05,6405.85,2472.0,Mobile App,Cash on Delivery,Delivered
ORD01239,2025-09-03,CUST0237,P008,1,0.0,6400.0,1495.53,Website,Cash on Delivery,Delivered
ORD01240,2025-09-22,CUST0174,P005,3,0.15,34060.35,10203.07,Website,Debit Card,Delivered
ORD01241,2025-02-22,CUST0527,P007,2,0.0,19612.0,3152.05,Mobile App,Debit Card,Delivered
ORD01242,2025-05-24,CUST0125,P015,1,0.0,7599.0,1857.45,Mobile App,Cash on Delivery,Delivered
ORD01243,2025-01-28,CUST0080,P002,4,0.0,154900.0,38205.32,Mobile App,Net Banking,Cancelled
ORD01244,2025-10-01,CUST0486,P008,2,0.0,12800.0,2638.35,Website,Debit Card,Delivered
ORD01245,2025-12-11,CUST0225,P002,2,0.15,65832.5,8876.67,Website,Cash on Delivery,Delivered
ORD01246,2025-08-25,CUST0201,P005,1,0.05,12689.15,3535.51,Website,Net Banking,Returned
ORD01247,2025-03-18,CUST0495,P007,3,0.2,23534.4,3193.79,Website,Credit Card,Delivered
ORD01248,2025-11-19,CUST0084,P017,2,0.0,13486.0,3825.41,Website,Net Banking,Delivered
ORD01249,2025-04-05,CUST0520,P008,3,0.1,17280.0,1787.75,Marketplace,Net Banking,Returned
ORD01250,2025-07-29,CUST0415,P008,1,0.0,6400.0,1526.08,Mobile App,UPI,Returned
ORD01251,2025-07-05,CUST0219,P016,1,0.05,6190.2,1170.98,Mobile App,Credit Card,Delivered
ORD01252,2025-08-13,CUST0174,P014,1,0.0,1609.0,348.82,Website,Credit Card,Returned
ORD01253,2025-12-22,CUST0102,P020,1,0.05,8014.2,1585.83,Marketplace,UPI,Delivered
ORD01254,2025-11-20,CUST0108,P015,1,0.0,7599.0,2950.26,Website,Credit Card,Delivered
ORD01255,2025-07-17,CUST0534,P015,2,0.15,12918.3,419.28,Marketplace,Net Banking,Delivered
ORD01256,2025-12-27,CUST0481,P017,1,0.2,5394.4,1375.98,Marketplace,Net Banking,Delivered
ORD01257,2025-07-12,CUST0221,P017,2,0.1,12137.4,1092.56,Website,Credit Card,Delivered
ORD01258,2025-11-28,CUST0059,P008,2,0.15,10880.0,1738.98,Mobile App,Credit Card,Returned
ORD01259,2025-05-27,CUST0368,P006,4,0.15,40674.2,1209.63,Mobile App,Cash on Delivery,Delivered
ORD01260,2025-11-17,CUST0543,P002,1,0.1,34852.5,8162.53,Website,Debit Card,Delivered
ORD01261,2025-05-07,CUST0174,P002,2,0.15,65832.5,13696.68,Mobile App,Debit Card,Delivered
ORD01262,2025-08-14,CUST0006,P016,1,0.15,5538.6,1715.7,Marketplace,Net Banking,Cancelled
ORD01263,2025-05-03,CUST0021,P004,1,0.1,37203.3,7431.47,Website,Cash on Delivery,Returned
ORD01264,2025-04-05,CUST0481,P015,4,0.1,27356.4,7227.42,Marketplace,Cash on Delivery,Delivered
ORD01265,2025-03-21,CUST0619,P012,2,0.15,9684.9,2286.6,Marketplace,Cash on Delivery,Cancelled
ORD01266,2025-08-18,CUST0334,P004,2,0.05,78540.3,24207.98,Website,Debit Card,Cancelled
ORD01267,2025-06-21,CUST0616,P019,2,0.0,14188.0,3567.11,Website,Debit Card,Returned
ORD01268,2025-10-21,CUST0491,P008,1,0.2,5120.0,773.52,Marketplace,Cash on Delivery,Delivered
ORD01269,2025-06-16,CUST0007,P009,1,0.1,1204.2,301.68,Marketplace,UPI,Returned
ORD01270,2025-09-03,CUST0318,P006,4,0.15,40674.2,6391.2,Website,UPI,Delivered
ORD01271,2025-10-01,CUST0117,P013,2,0.05,2772.1,649.59,Website,Cash on Delivery,Cancelled
ORD01272,2025-07-28,CUST0620,P017,2,0.1,12137.4,1303.18,Mobile App,Debit Card,Cancelled
ORD01273,2025-08-25,CUST0659,P015,2,0.1,13678.2,1823.2,Marketplace,Net Banking,Delivered
ORD01274,2025-10-03,CUST0319,P020,3,0.1,22777.2,4719.31,Mobile App,Net Banking,Delivered
ORD01275,2025-10-18,CUST0537,P011,2,0.15,6167.6,194.48,Marketplace,Net Banking,Cancelled
ORD01276,2025-05-05,CUST0089,P018,1,0.2,7131.2,393.21,Website,Debit Card,Delivered
ORD01277,2025-01-17,CUST0034,P011,1,0.2,2902.4,298.85,Website,Credit Card,Cancelled
ORD01278,2025-10-11,CUST0221,P003,2,0.05,17641.5,5373.13,Website,Net Banking,Delivered
ORD01279,2025-11-21,CUST0106,P001,2,0.0,112970.0,42283.14,Mobile App,Cash on Delivery,Delivered
ORD01280,2025-07-08,CUST0235,P018,4,0.1,32090.4,4669.3,Marketplace,Net Banking,Delivered
ORD01281,2025-11-28,CUST0002,P006,1,0.15,10168.55,1334.66,Mobile App,Credit Card,Delivered
ORD01282,2025-10-08,CUST0517,P012,1,0.0,5697.0,953.17,Website,Net Banking,Returned
ORD01283,2025-11-11,CUST0440,P003,1,0.05,8820.75,1667.54,Mobile App,UPI,Cancelled
ORD01284,2025-06-15,CUST0487,P017,3,0.05,19217.55,3724.53,Mobile App,UPI,Delivered
ORD01285,2025-09-30,CUST0277,P011,2,0.1,6530.4,1394.2,Website,Credit Card,Returned
ORD01286,2025-01-15,CUST0160,P004,2,0.05,78540.3,24407.57,Marketplace,UPI,Returned
ORD01287,2025-12-30,CUST0127,P001,2,0.05,107321.5,29818.04,Mobile App,Debit Card,Returned
ORD01288,2025-01-09,CUST0513,P002,2,0.15,65832.5,16623.44,Website,Debit Card,Delivered
ORD01289,2025-08-07,CUST0627,P005,4,0.1,48085.2,3703.97,Mobile App,Cash on Delivery,Cancelled
ORD01290,2025-12-21,CUST0115,P017,1,0.05,6405.85,2371.01,Mobile App,Cash on Delivery,Delivered
ORD01291,2025-07-24,CUST0065,P020,1,0.0,8436.0,3047.76,Marketplace,Net Banking,Cancelled
ORD01292,2025-04-23,CUST0445,P014,1,0.05,1528.55,297.41,Marketplace,Net Banking,Returned
ORD01293,2025-03-29,CUST0274,P012,2,0.0,11394.0,4372.41,Website,Credit Card,Cancelled
ORD01294,2025-11-02,CUST0130,P004,2,0.15,70272.9,21066.98,Website,Debit Card,Returned
ORD01295,2025-07-08,CUST0657,P011,1,0.0,3628.0,992.92,Mobile App,Cash on Delivery,Delivered
ORD01296,2025-03-20,CUST0633,P009,1,0.15,1137.3,210.66,Website,Credit Card,Delivered
ORD01297,2025-10-14,CUST0647,P020,1,0.05,8014.2,2776.62,Mobile App,Credit Card,Delivered
ORD01298,2025-08-04,CUST0459,P020,1,0.2,6748.8,33.02,Marketplace,Cash on Delivery,Delivered
ORD01299,2025-04-21,CUST0134,P010,1,0.05,10644.75,3381.23,Mobile App,Debit Card,Delivered
ORD01300,2025-04-02,CUST0358,P003,4,0.05,35283.0,5387.51,Mobile App,Debit Card,Delivered
ORD01301,2025-10-09,CUST0367,P015,2,0.0,15198.0,4348.14,Website,Credit Card,Returned
ORD01302,2025-08-29,CUST0617,P002,1,0.1,34852.5,10652.51,Mobile App,Cash on Delivery,Delivered
ORD01303,2025-12-21,CUST0298,P009,2,0.2,2140.8,99.51,Website,UPI,Cancelled
ORD01304,2025-11-28,CUST0301,P006,2,0.1,21533.4,4787.92,Marketplace,Cash on Delivery,Delivered
ORD01305,2025-04-24,CUST0242,P015,1,0.2,6079.2,515.1,Mobile App,Net Banking,Delivered
ORD01306,2025-01-23,CUST0668,P011,1,0.2,2902.4,709.34,Website,Cash on Delivery,Returned
ORD01307,2025-09-11,CUST0134,P014,4,0.05,6114.2,1181.05,Marketplace,Debit Card,Delivered
ORD01308,2025-10-24,CUST0220,P020,2,0.15,14341.2,4049.04,Marketplace,Net Banking,Returned
ORD01309,2025-08-11,CUST0110,P020,4,0.1,30369.6,5972.59,Website,Net Banking,Returned
ORD01310,2025-09-23,CUST0332,P010,1,0.15,9524.25,421.39,Mobile App,Debit Card,Delivered
ORD01311,2025-08-01,CUST0203,P014,2,0.15,2735.3,352.22,Website,Net Banking,Delivered
ORD01312,2025-04-04,CUST0445,P004,2,0.2,66139.2,14077.92,Marketplace,Debit Card,Delivered
ORD01313,2025-04-25,CUST0643,P008,1,0.2,5120.0,510.15,Mobile App,UPI,Returned
ORD01314,2025-12-13,CUST0422,P004,1,0.05,39270.15,8905.26,Mobile App,Net Banking,Delivered
ORD01315,2025-06-26,CUST0599,P002,4,0.05,147155.0,28410.21,Marketplace,Debit Card,Returned
ORD01316,2025-07-03,CUST0073,P007,2,0.15,16670.2,495.63,Mobile App,Net Banking,Cancelled
ORD01317,2025-09-09,CUST0469,P020,2,0.1,15184.8,4152.35,Mobile App,Cash on Delivery,Delivered
ORD01318,2025-12-21,CUST0288,P016,1,0.05,6190.2,1661.48,Website,Debit Card,Delivered
ORD01319,2025-10-09,CUST0651,P017,1,0.2,5394.4,556.28,Website,UPI,Delivered
ORD01320,2025-09-16,CUST0672,P005,1,0.1,12021.3,1430.22,Website,Credit Card,Returned
ORD01321,2025-08-28,CUST0059,P013,2,0.0,2918.0,991.15,Website,UPI,Delivered
ORD01322,2025-07-11,CUST0026,P004,2,0.15,70272.9,6808.26,Mobile App,Credit Card,Cancelled
ORD01323,2025-11-12,CUST0450,P012,1,0.1,5127.3,1625.81,Website,Cash on Delivery,Returned
ORD01324,2025-08-10,CUST0478,P005,4,0.2,42742.4,6994.49,Mobile App,Cash on Delivery,Delivered
ORD01325,2025-05-22,CUST0614,P007,1,0.1,8825.4,2438.31,Mobile App,Credit Card,Delivered
ORD01326,2025-01-01,CUST0209,P015,2,0.15,12918.3,2910.8,Marketplace,UPI,Cancelled
ORD01327,2025-01-11,CUST0233,P020,4,0.15,28682.4,700.5,Mobile App,Net Banking,Returned
ORD01328,2025-05-30,CUST0170,P003,2,0.1,16713.0,2679.32,Marketplace,Debit Card,Delivered
ORD01329,2025-02-22,CUST0415,P010,3,0.0,33615.0,11158.04,Mobile App,Credit Card,Cancelled
ORD01330,2025-07-08,CUST0126,P010,2,0.1,20169.0,1744.08,Marketplace,UPI,Delivered
ORD01331,2025-04-04,CUST0680,P016,2,0.2,10425.6,-139.12,Marketplace,Cash on Delivery,Delivered
ORD01332,2025-01-08,CUST0175,P006,1,0.15,10168.55,2216.06,Marketplace,Cash on Delivery,Delivered
ORD01333,2025-01-22,CUST0138,P016,2,0.15,11077.2,223.57,Mobile App,Debit Card,Delivered
ORD01334,2025-02-13,CUST0651,P004,2,0.05,78540.3,21694.6,Website,Credit Card,Delivered
ORD01335,2025-06-21,CUST0635,P003,2,0.2,14856.0,3163.76,Mobile App,UPI,Returned
ORD01336,2025-04-19,CUST0294,P019,4,0.0,28376.0,6214.9,Marketplace,Debit Card,Delivered
ORD01337,2025-03-16,CUST0272,P012,2,0.2,9115.2,1388.14,Marketplace,Cash on Delivery,Delivered
ORD01338,2025-12-15,CUST0452,P011,4,0.1,13060.8,1888.05,Mobile App,Credit Card,Returned
ORD01339,2025-04-30,CUST0279,P001,1,0.15,48012.25,10086.44,Marketplace,UPI,Delivered
ORD01340,2025-05-25,CUST0276,P005,2,0.0,26714.0,10037.81,Mobile App,Debit Card,Delivered
ORD01341,2025-09-13,CUST0511,P015,1,0.2,6079.2,848.84,Marketplace,Net Banking,Cancelled
ORD01342,2025-12-04,CUST0637,P005,2,0.0,26714.0,7416.36,Marketplace,Net Banking,Cancelled
ORD01343,2025-04-20,CUST0511,P002,1,0.0,38725.0,14399.42,Website,UPI,Delivered
ORD01344,2025-08-01,CUST0008,P006,1,0.0,11963.0,4898.27,Website,Net Banking,Delivered
ORD01345,2025-11-16,CUST0377,P014,1,0.2,1287.2,164.99,Website,Cash on Delivery,Delivered
ORD01346,2025-10-08,CUST0012,P013,3,0.2,3501.6,825.4,Mobile App,Credit Card,Returned
ORD01347,2025-12-07,CUST0355,P020,1,0.05,8014.2,2321.74,Mobile App,UPI,Delivered
ORD01348,2025-07-30,CUST0240,P010,3,0.15,28572.75,8631.17,Mobile App,Cash on Delivery,Delivered
ORD01349,2025-06-13,CUST0313,P013,3,0.05,4158.15,510.5,Website,Credit Card,Delivered
ORD01350,2025-11-15,CUST0158,P012,1,0.0,5697.0,1610.25,Marketplace,Credit Card,Delivered
ORD01351,2025-10-28,CUST0158,P020,1,0.05,8014.2,2533.36,Mobile App,Cash on Delivery,Cancelled
ORD01352,2025-04-22,CUST0138,P014,1,0.05,1528.55,571.81,Marketplace,Net Banking,Delivered
ORD01353,2025-11-08,CUST0198,P009,4,0.2,4281.6,354.61,Website,Debit Card,Delivered
ORD01354,2025-06-25,CUST0186,P019,1,0.15,6029.9,832.91,Marketplace,Cash on Delivery,Returned
ORD01355,2025-05-09,CUST0376,P019,1,0.1,6384.6,2102.41,Mobile App,Net Banking,Cancelled
ORD01356,2025-07-06,CUST0448,P020,1,0.2,6748.8,804.55,Mobile App,Cash on Delivery,Cancelled
ORD01357,2025-11-30,CUST0523,P014,1,0.1,1448.1,364.68,Website,Net Banking,Delivered
ORD01358,2025-08-07,CUST0250,P019,1,0.05,6739.3,1434.67,Website,Cash on Delivery,Delivered
ORD01359,2025-02-15,CUST0382,P005,1,0.15,11353.45,1656.03,Website,Credit Card,Delivered
ORD01360,2025-01-20,CUST0290,P007,1,0.0,9806.0,3684.07,Marketplace,Net Banking,Returned
ORD01361,2025-01-23,CUST0661,P007,1,0.2,7844.8,1975.18,Website,UPI,Cancelled
ORD01362,2025-08-17,CUST0487,P013,2,0.1,2626.2,398.08,Marketplace,Debit Card,Delivered
ORD01363,2025-11-02,CUST0030,P010,1,0.2,8964.0,582.6,Mobile App,Debit Card,Delivered
ORD01364,2025-08-04,CUST0090,P009,1,0.1,1204.2,350.22,Website,Cash on Delivery,Delivered
ORD01365,2025-02-10,CUST0646,P002,1,0.15,32916.25,8776.19,Website,Cash on Delivery,Cancelled
ORD01366,2025-05-27,CUST0413,P003,3,0.05,26462.25,9679.03,Mobile App,Cash on Delivery,Delivered
ORD01367,2025-09-29,CUST0685,P011,1,0.0,3628.0,654.22,Mobile App,Debit Card,Delivered
ORD01368,2025-10-02,CUST0598,P009,1,0.05,1271.1,296.36,Marketplace,UPI,Delivered
ORD01369,2025-08-02,CUST0170,P018,1,0.05,8468.3,1949.78,Marketplace,Credit Card,Delivered
ORD01370,2025-12-08,CUST0624,P015,1,0.05,7219.05,1101.54,Marketplace,Debit Card,Delivered
ORD01371,2025-03-04,CUST0455,P015,2,0.05,14438.1,5581.22,Website,UPI,Delivered
ORD01372,2025-07-18,CUST0109,P004,2,0.2,66139.2,13903.9,Mobile App,Cash on Delivery,Cancelled
ORD01373,2025-09-14,CUST0533,P012,2,0.15,9684.9,1576.07,Mobile App,UPI,Delivered
ORD01374,2025-12-20,CUST0113,P020,4,0.1,30369.6,6318.29,Website,Credit Card,Delivered
ORD01375,2025-11-29,CUST0526,P015,4,0.05,28876.2,10698.65,Mobile App,Net Banking,Delivered
ORD01376,2025-12-18,CUST0167,P005,2,0.05,25378.3,4702.17,Mobile App,Cash on Delivery,Cancelled
ORD01377,2025-06-26,CUST0356,P002,2,0.05,73577.5,21336.54,Website,Debit Card,Delivered
ORD01378,2025-10-26,CUST0487,P001,1,0.05,53660.75,17408.89,Website,Credit Card,Cancelled
ORD01379,2025-02-26,CUST0154,P008,1,0.05,6080.0,1556.16,Website,Credit Card,Returned
ORD01380,2025-09-18,CUST0042,P017,3,0.2,16183.2,-248.79,Website,Cash on Delivery,Cancelled
ORD01381,2025-09-28,CUST0498,P019,2,0.1,12769.2,2433.66,Mobile App,Credit Card,Delivered
ORD01382,2025-08-11,CUST0187,P016,1,0.15,5538.6,450.48,Marketplace,Credit Card,Returned
ORD01383,2025-01-21,CUST0419,P017,3,0.1,18206.1,2223.12,Website,Cash on Delivery,Cancelled
ORD01384,2025-02-15,CUST0278,P007,3,0.0,29418.0,5794.49,Marketplace,Debit Card,Delivered
ORD01385,2025-12-16,CUST0091,P016,1,0.15,5538.6,1026.04,Marketplace,Debit Card,Delivered
ORD01386,2025-09-30,CUST0053,P011,2,0.05,6893.2,1182.36,Marketplace,UPI,Delivered
ORD01387,2025-12-22,CUST0520,P011,2,0.1,6530.4,462.63,Marketplace,Cash on Delivery,Returned
ORD01388,2025-03-12,CUST0075,P010,2,0.2,17928.0,-93.0,Mobile App,Net Banking,Delivered
ORD01389,2025-07-22,CUST0070,P017,1,0.2,5394.4,598.43,Marketplace,Credit Card,Delivered
ORD01390,2025-05-23,CUST0698,P016,3,0.1,17593.2,4304.8,Website,Debit Card,Returned
ORD01391,2025-09-28,CUST0639,P003,1,0.15,7892.25,2134.92,Mobile App,UPI,Delivered
ORD01392,2025-12-05,CUST0669,P012,1,0.1,5127.3,698.89,Mobile App,Net Banking,Delivered
ORD01393,2025-10-27,CUST0516,P010,1,0.05,10644.75,2180.85,Marketplace,Net Banking,Returned
ORD01394,2025-11-16,CUST0091,P018,1,0.05,8468.3,1198.14,Website,Debit Card,Delivered
ORD01395,2025-04-07,CUST0457,P005,3,0.15,34060.35,9230.42,Mobile App,Credit Card,Returned
ORD01396,2025-08-02,CUST0580,P014,4,0.05,6114.2,1103.54,Marketplace,Cash on Delivery,Returned
ORD01397,2025-05-27,CUST0135,P013,2,0.05,2772.1,727.29,Marketplace,Credit Card,Delivered
ORD01398,2025-12-17,CUST0315,P002,1,0.0,38725.0,10160.33,Mobile App,Debit Card,Returned
ORD01399,2025-08-11,CUST0642,P020,2,0.2,13497.6,1942.83,Marketplace,Debit Card,Returned
ORD01400,2025-03-20,CUST0143,P018,2,0.05,16936.6,5552.11,Mobile App,Cash on Delivery,Delivered
ORD01401,2025-09-01,CUST0247,P020,3,0.2,20246.4,4871.08,Website,Credit Card,Cancelled
ORD01402,2025-12-07,CUST0254,P012,2,0.2,9115.2,1485.99,Website,Net Banking,Returned
ORD01403,2025-08-18,CUST0136,P012,1,0.15,4842.45,629.46,Website,Net Banking,Delivered
ORD01404,2025-07-28,CUST0074,P006,4,0.05,45459.4,10339.64,Mobile App,Debit Card,Returned
ORD01405,2025-07-07,CUST0309,P009,2,0.2,2140.8,359.67,Marketplace,Cash on Delivery,Returned
ORD01406,2025-08-17,CUST0194,P003,2,0.15,15784.5,3060.86,Website,UPI,Returned
ORD01407,2025-02-10,CUST0632,P020,2,0.1,15184.8,2913.2,Marketplace,Net Banking,Cancelled
ORD01408,2025-08-04,CUST0314,P013,2,0.15,2480.3,279.71,Website,Credit Card,Delivered
ORD01409,2025-10-03,CUST0608,P017,3,0.2,16183.2,-617.52,Mobile App,Debit Card,Returned
ORD01410,2025-02-03,CUST0629,P010,2,0.1,20169.0,5741.79,Mobile App,UPI,Delivered
ORD01411,2025-01-05,CUST0305,P002,2,0.2,61960.0,8267.65,Website,Net Banking,Cancelled
ORD01412,2025-05-15,CUST0572,P013,1,0.1,1313.1,121.75,Mobile App,UPI,Delivered
ORD01413,2025-12-18,CUST0185,P019,4,0.0,28376.0,11119.09,Marketplace,Credit Card,Returned
ORD01414,2025-02-14,CUST0172,P010,3,0.1,30253.5,10286.61,Website,Debit Card,Cancelled
ORD01415,2025-11-04,CUST0151,P014,1,0.15,1367.65,123.13,Website,Credit Card,Delivered
ORD01416,2025-06-10,CUST0315,P017,2,0.0,13486.0,4037.44,Website,Debit Card,Delivered
ORD01417,2025-06-05,CUST0517,P001,1,0.1,50836.5,4402.47,Mobile App,Cash on Delivery,Cancelled
ORD01418,2025-09-24,CUST0385,P019,1,0.2,5675.2,1271.89,Marketplace,Cash on Delivery,Delivered
ORD01419,2025-01-16,CUST0262,P009,2,0.05,2542.2,543.57,Website,Cash on Delivery,Delivered
ORD01420,2025-06-29,CUST0614,P013,2,0.0,2918.0,591.07,Mobile App,Debit Card,Cancelled
ORD01421,2025-09-13,CUST0304,P015,1,0.05,7219.05,2638.03,Mobile App,UPI,Returned
ORD01422,2025-05-06,CUST0169,P002,4,0.15,131665.0,32820.98,Marketplace,Net Banking,Returned
ORD01423,2025-05-22,CUST0007,P008,1,0.1,5760.0,1659.25,Website,Debit Card,Delivered
ORD01424,2025-08-19,CUST0432,P020,2,0.2,13497.6,-176.77,Mobile App,Debit Card,Cancelled
ORD01425,2025-11-21,CUST0039,P013,1,0.0,1459.0,286.91,Mobile App,Credit Card,Delivered
ORD01426,2025-03-28,CUST0490,P014,2,0.05,3057.1,952.12,Website,Credit Card,Delivered
ORD01427,2025-05-20,CUST0322,P002,4,0.1,139410.0,26643.56,Marketplace,Debit Card,Delivered
ORD01428,2025-04-17,CUST0685,P004,4,0.2,132278.4,22467.92,Marketplace,Cash on Delivery,Delivered
ORD01429,2025-04-18,CUST0357,P005,2,0.0,26714.0,5643.31,Mobile App,Net Banking,Delivered
ORD01430,2025-05-16,CUST0442,P010,1,0.2,8964.0,1170.16,Marketplace,Credit Card,Delivered
ORD01431,2025-08-22,CUST0233,P001,4,0.2,180752.0,-7518.89,Marketplace,Cash on Delivery,Delivered
ORD01432,2025-07-31,CUST0390,P002,2,0.1,69705.0,6985.3,Website,Net Banking,Returned
ORD01433,2025-05-16,CUST0001,P005,1,0.05,12689.15,2866.51,Marketplace,UPI,Returned
ORD01434,2025-01-03,CUST0544,P017,1,0.05,6405.85,1709.53,Website,UPI,Delivered
ORD01435,2025-01-28,CUST0599,P012,1,0.15,4842.45,161.16,Website,Net Banking,Delivered
ORD01436,2025-08-07,CUST0304,P005,1,0.15,11353.45,1496.93,Marketplace,Credit Card,Delivered
ORD01437,2025-10-29,CUST0177,P017,2,0.1,12137.4,1547.13,Marketplace,Credit Card,Delivered
ORD01438,2025-01-21,CUST0413,P010,2,0.05,21289.5,5324.84,Website,UPI,Delivered
ORD01439,2025-03-25,CUST0487,P010,2,0.0,22410.0,7856.28,Marketplace,UPI,Cancelled
ORD01440,2025-05-21,CUST0382,P010,3,0.2,26892.0,1134.06,Mobile App,UPI,Returned
ORD01441,2025-10-12,CUST0006,P006,1,0.05,11364.85,3166.87,Mobile App,Credit Card,Delivered
ORD01442,2025-08-08,CUST0089,P007,1,0.2,7844.8,319.11,Mobile App,UPI,Delivered
ORD01443,2025-06-25,CUST0516,P014,2,0.05,3057.1,1000.95,Website,UPI,Delivered
ORD01444,2025-03-23,CUST0379,P002,4,0.1,139410.0,48585.15,Mobile App,Debit Card,Delivered
ORD01445,2025-05-07,CUST0405,P016,1,0.15,5538.6,776.73,Website,Cash on Delivery,Delivered
ORD01446,2025-11-14,CUST0106,P010,1,0.15,9524.25,545.62,Website,Credit Card,Returned
ORD01447,2025-05-12,CUST0467,P006,1,0.1,10766.7,2673.47,Marketplace,Net Banking,Delivered
ORD01448,2025-09-05,CUST0296,P016,1,0.2,5212.8,1006.9,Website,UPI,Delivered
ORD01449,2025-04-16,CUST0616,P011,3,0.0,10884.0,4180.27,Marketplace,Credit Card,Cancelled
ORD01450,2025-01-06,CUST0007,P015,2,0.2,12158.4,-582.45,Mobile App,Debit Card,Delivered
ORD01451,2025-03-09,CUST0457,P016,1,0.1,5864.4,750.79,Marketplace,Net Banking,Delivered
ORD01452,2025-10-12,CUST0277,P015,1,0.15,6459.15,984.54,Mobile App,Net Banking,Delivered
ORD01453,2025-08-27,CUST0075,P019,2,0.05,13478.6,4514.39,Marketplace,UPI,Delivered
ORD01454,2025-11-19,CUST0195,P007,3,0.15,25005.3,4432.15,Mobile App,Debit Card,Cancelled
ORD01455,2025-01-08,CUST0175,P004,4,0.05,157080.6,40134.8,Website,Cash on Delivery,Returned
ORD01456,2025-03-12,CUST0500,P014,1,0.15,1367.65,272.95,Website,Credit Card,Returned
ORD01457,2025-05-10,CUST0499,P016,3,0.05,18570.6,3670.83,Website,Debit Card,Cancelled
ORD01458,2025-05-21,CUST0536,P017,1,0.1,6068.7,1858.42,Marketplace,Net Banking,Returned
ORD01459,2025-08-09,CUST0424,P017,1,0.1,6068.7,637.49,Mobile App,Credit Card,Cancelled
ORD01460,2025-08-27,CUST0608,P008,1,0.2,5120.0,1129.21,Marketplace,Debit Card,Delivered
ORD01461,2025-04-22,CUST0584,P005,1,0.1,12021.3,2271.4,Website,UPI,Cancelled
ORD01462,2025-03-08,CUST0477,P020,2,0.15,14341.2,1967.8,Marketplace,Cash on Delivery,Delivered
ORD01463,2025-06-08,CUST0220,P005,1,0.05,12689.15,1747.87,Marketplace,Cash on Delivery,Delivered
ORD01464,2025-04-09,CUST0655,P009,1,0.1,1204.2,207.35,Website,Credit Card,Delivered
ORD01465,2025-02-03,CUST0417,P019,4,0.15,24119.6,5851.93,Mobile App,UPI,Delivered
ORD01466,2025-12-06,CUST0598,P007,3,0.0,29418.0,11683.89,Website,Cash on Delivery,Delivered
ORD01467,2025-11-27,CUST0107,P020,1,0.15,7170.6,1132.82,Marketplace,Debit Card,Delivered
ORD01468,2025-05-24,CUST0373,P017,1,0.0,6743.0,2042.63,Marketplace,Net Banking,Returned
ORD01469,2025-04-07,CUST0450,P011,4,0.05,13786.4,2962.1,Website,Cash on Delivery,Delivered
ORD01470,2025-10-25,CUST0444,P007,1,0.1,8825.4,1429.37,Marketplace,Debit Card,Delivered
ORD01471,2025-09-11,CUST0538,P015,1,0.2,6079.2,1452.58,Marketplace,Debit Card,Returned
ORD01472,2025-01-31,CUST0364,P019,4,0.05,26957.2,5943.61,Marketplace,UPI,Delivered
ORD01473,2025-01-18,CUST0024,P008,1,0.2,5120.0,-166.64,Marketplace,UPI,Delivered
ORD01474,2025-07-17,CUST0118,P008,1,0.0,6400.0,1495.16,Website,Credit Card,Returned
ORD01475,2025-03-08,CUST0259,P007,1,0.1,8825.4,1211.76,Website,Credit Card,Delivered
ORD01476,2025-03-03,CUST0287,P001,2,0.15,96024.5,23134.15,Mobile App,Debit Card,Delivered
ORD01477,2025-07-31,CUST0283,P020,2,0.15,14341.2,2664.38,Marketplace,UPI,Cancelled
ORD01478,2025-01-20,CUST0318,P013,2,0.0,2918.0,938.29,Website,Net Banking,Delivered
ORD01479,2025-04-24,CUST0565,P004,2,0.0,82674.0,15955.28,Marketplace,Credit Card,Cancelled
ORD01480,2025-01-07,CUST0105,P009,3,0.2,3211.2,-3.5,Marketplace,Net Banking,Delivered
ORD01481,2025-08-15,CUST0563,P002,3,0.05,110366.25,20177.44,Website,Debit Card,Returned
ORD01482,2025-05-05,CUST0626,P015,2,0.2,12158.4,1064.44,Website,Cash on Delivery,Cancelled
ORD01483,2025-11-24,CUST0201,P018,1,0.1,8022.6,2435.0,Mobile App,UPI,Delivered
ORD01484,2025-09-23,CUST0007,P004,4,0.2,132278.4,2429.0,Mobile App,Debit Card,Delivered
ORD01485,2025-05-03,CUST0443,P020,1,0.1,7592.4,2033.58,Marketplace,Credit Card,Returned
ORD01486,2025-06-24,CUST0021,P008,4,0.15,21760.0,5606.05,Mobile App,Credit Card,Cancelled
ORD01487,2025-02-04,CUST0213,P012,1,0.05,5412.15,988.21,Website,Debit Card,Delivered
ORD01488,2025-10-17,CUST0012,P009,2,0.0,2676.0,960.72,Marketplace,Debit Card,Delivered
ORD01489,2025-04-13,CUST0423,P017,2,0.15,11463.1,2305.93,Website,UPI,Delivered
ORD01490,2025-08-01,CUST0511,P011,1,0.0,3628.0,681.39,Website,Credit Card,Delivered
ORD01491,2025-10-14,CUST0453,P003,1,0.05,8820.75,3110.68,Mobile App,Credit Card,Delivered
ORD01492,2025-03-25,CUST0150,P013,1,0.1,1313.1,163.69,Marketplace,Cash on Delivery,Cancelled
ORD01493,2025-09-30,CUST0340,P019,1,0.05,6739.3,1046.03,Marketplace,Net Banking,Cancelled
ORD01494,2025-05-12,CUST0270,P012,1,0.1,5127.3,1695.6,Marketplace,UPI,Delivered
ORD01495,2025-01-18,CUST0529,P010,2,0.1,20169.0,1838.07,Marketplace,Debit Card,Delivered
ORD01496,2025-07-21,CUST0331,P019,2,0.0,14188.0,4434.3,Marketplace,Cash on Delivery,Delivered
ORD01497,2025-01-17,CUST0046,P009,2,0.0,2676.0,678.04,Website,Net Banking,Delivered
ORD01498,2025-01-21,CUST0303,P017,1,0.2,5394.4,-112.19,Website,Credit Card,Returned
ORD01499,2025-04-10,CUST0147,P004,4,0.15,140545.8,44052.75,Marketplace,UPI,Delivered
ORD01500,2025-08-20,CUST0617,P015,2,0.05,14438.1,3477.22,Website,Net Banking,Delivered
ORD01501,2025-03-20,CUST0392,P019,1,0.1,6384.6,1383.16,Mobile App,UPI,Delivered
ORD01502,2025-03-12,CUST0498,P016,3,0.05,18570.6,5931.51,Mobile App,Cash on Delivery,Cancelled
ORD01503,2025-03-13,CUST0403,P003,3,0.0,27855.0,5701.19,Marketplace,Credit Card,Delivered
ORD01504,2025-02-17,CUST0505,P016,2,0.2,10425.6,583.47,Website,Cash on Delivery,Delivered
ORD01505,2025-05-14,CUST0289,P006,3,0.1,32300.1,6200.71,Marketplace,Debit Card,Delivered
ORD01506,2025-01-03,CUST0047,P009,2,0.15,2274.6,512.76,Website,Net Banking,Cancelled
ORD01507,2025-03-14,CUST0269,P011,2,0.0,7256.0,1570.77,Marketplace,UPI,Delivered
ORD01508,2025-05-25,CUST0288,P006,3,0.0,35889.0,8861.96,Marketplace,Net Banking,Cancelled
ORD01509,2025-02-13,CUST0054,P006,1,0.1,10766.7,3093.52,Marketplace,UPI,Cancelled
ORD01510,2025-10-16,CUST0203,P001,2,0.2,90376.0,16268.16,Mobile App,Debit Card,Delivered
ORD01511,2025-10-29,CUST0324,P015,4,0.1,27356.4,8208.62,Website,Credit Card,Returned
ORD01512,2025-04-15,CUST0109,P012,1,0.1,5127.3,1496.74,Marketplace,UPI,Returned
ORD01513,2025-11-19,CUST0434,P003,1,0.2,7428.0,93.97,Website,UPI,Delivered
ORD01514,2025-06-26,CUST0468,P012,1,0.05,5412.15,1552.94,Website,Credit Card,Cancelled
ORD01515,2025-06-08,CUST0169,P001,1,0.1,50836.5,17502.57,Website,Credit Card,Delivered
ORD01516,2025-06-18,CUST0290,P002,1,0.05,36788.75,8113.11,Mobile App,UPI,Returned
ORD01517,2025-12-03,CUST0177,P007,1,0.2,7844.8,1006.72,Website,Cash on Delivery,Delivered
ORD01518,2025-10-01,CUST0414,P015,4,0.05,28876.2,6921.37,Marketplace,Debit Card,Delivered
ORD01519,2025-06-03,CUST0178,P002,1,0.2,30980.0,-1517.96,Mobile App,Net Banking,Returned
ORD01520,2025-10-09,CUST0439,P013,2,0.1,2626.2,463.57,Marketplace,Credit Card,Cancelled
ORD01521,2025-04-01,CUST0536,P005,1,0.15,11353.45,3150.64,Website,UPI,Returned
ORD01522,2025-08-21,CUST0692,P011,2,0.1,6530.4,816.72,Marketplace,Credit Card,Delivered
ORD01523,2025-07-27,CUST0548,P008,3,0.0,19200.0,5965.32,Website,UPI,Returned
ORD01524,2025-09-27,CUST0503,P004,4,0.15,140545.8,19902.16,Mobile App,Credit Card,Delivered
ORD01525,2025-05-12,CUST0478,P009,2,0.0,2676.0,911.06,Website,Net Banking,Delivered
ORD01526,2025-03-28,CUST0560,P009,1,0.1,1204.2,385.4,Website,UPI,Cancelled
ORD01527,2025-01-08,CUST0335,P005,4,0.05,50756.6,16396.21,Mobile App,Net Banking,Delivered
ORD01528,2025-01-10,CUST0471,P012,2,0.0,11394.0,4333.24,Mobile App,Debit Card,Delivered
ORD01529,2025-01-12,CUST0074,P018,2,0.1,16045.2,1687.4,Mobile App,Debit Card,Delivered
ORD01530,2025-02-18,CUST0044,P018,2,0.0,17828.0,5607.56,Website,UPI,Cancelled
ORD01531,2025-07-05,CUST0419,P011,1,0.15,3083.8,807.35,Mobile App,Credit Card,Delivered
ORD01532,2025-05-20,CUST0078,P020,4,0.05,32056.8,6197.83,Website,Debit Card,Cancelled
ORD01533,2025-05-13,CUST0412,P017,1,0.1,6068.7,1096.05,Marketplace,Credit Card,Returned
ORD01534,2025-07-24,CUST0629,P002,1,0.05,36788.75,9139.46,Mobile App,Debit Card,Delivered
ORD01535,2025-01-16,CUST0041,P010,2,0.0,22410.0,3896.21,Marketplace,Net Banking,Cancelled
ORD01536,2025-09-30,CUST0521,P001,1,0.05,53660.75,19071.88,Mobile App,Cash on Delivery,Delivered
ORD01537,2025-10-13,CUST0372,P009,1,0.15,1137.3,49.57,Mobile App,Cash on Delivery,Delivered
ORD01538,2025-01-05,CUST0077,P018,1,0.2,7131.2,1952.26,Website,Cash on Delivery,Delivered
ORD01539,2025-07-19,CUST0435,P015,1,0.15,6459.15,551.88,Mobile App,UPI,Delivered
ORD01540,2025-09-29,CUST0037,P007,1,0.15,8335.1,345.37,Mobile App,Debit Card,Delivered
ORD01541,2025-09-25,CUST0627,P004,3,0.2,99208.8,3993.87,Website,Cash on Delivery,Delivered
ORD01542,2025-06-02,CUST0287,P013,3,0.0,4377.0,1440.68,Mobile App,Debit Card,Delivered
ORD01543,2025-04-14,CUST0286,P009,2,0.05,2542.2,702.34,Website,Credit Card,Delivered
ORD01544,2025-08-02,CUST0655,P003,1,0.1,8356.5,2240.54,Marketplace,Cash on Delivery,Returned
ORD01545,2025-03-02,CUST0286,P015,1,0.1,6839.1,1802.7,Website,Cash on Delivery,Returned
ORD01546,2025-09-03,CUST0094,P003,3,0.15,23676.75,2789.84,Mobile App,Net Banking,Delivered
ORD01547,2025-06-19,CUST0319,P018,1,0.2,7131.2,1117.23,Mobile App,Credit Card,Returned
ORD01548,2025-03-07,CUST0367,P016,4,0.2,20851.2,4028.37,Marketplace,Net Banking,Delivered
ORD01549,2025-02-08,CUST0674,P001,2,0.0,112970.0,20948.88,Mobile App,Debit Card,Returned
ORD01550,2025-05-20,CUST0652,P004,4,0.1,148813.2,14769.4,Mobile App,Cash on Delivery,Delivered
ORD01551,2025-03-14,CUST0585,P013,4,0.15,4960.6,1444.8,Website,Net Banking,Delivered
ORD01552,2025-01-01,CUST0250,P011,2,0.15,6167.6,1779.07,Website,Net Banking,Delivered
ORD01553,2025-06-24,CUST0640,P013,3,0.2,3501.6,932.0,Marketplace,Cash on Delivery,Delivered
ORD01554,2025-09-29,CUST0406,P013,1,0.05,1386.05,201.12,Marketplace,Debit Card,Delivered
ORD01555,2025-05-08,CUST0448,P007,1,0.15,8335.1,1016.01,Website,Net Banking,Delivered
ORD01556,2025-09-29,CUST0283,P010,1,0.05,10644.75,2131.02,Website,Credit Card,Cancelled
ORD01557,2025-08-02,CUST0083,P011,1,0.05,3446.6,1116.39,Website,Credit Card,Returned
ORD01558,2025-05-17,CUST0385,P011,3,0.05,10339.8,3348.43,Mobile App,Cash on Delivery,Delivered
ORD01559,2025-02-16,CUST0034,P011,1,0.1,3265.2,1112.71,Mobile App,UPI,Delivered
ORD01560,2025-09-03,CUST0420,P004,3,0.1,111609.9,38098.64,Website,Net Banking,Delivered
ORD01561,2025-10-31,CUST0272,P016,4,0.15,22154.4,3356.8,Mobile App,Net Banking,Delivered
ORD01562,2025-09-25,CUST0595,P019,1,0.05,6739.3,2289.89,Website,Cash on Delivery,Delivered
ORD01563,2025-03-26,CUST0615,P018,2,0.0,17828.0,2880.83,Website,UPI,Cancelled
ORD01564,2025-10-27,CUST0691,P010,2,0.15,19048.5,2098.8,Mobile App,Cash on Delivery,Delivered
ORD01565,2025-12-21,CUST0245,P009,1,0.1,1204.2,413.37,Mobile App,Debit Card,Delivered
ORD01566,2025-11-03,CUST0490,P008,1,0.0,6400.0,2357.4,Mobile App,Cash on Delivery,Delivered
ORD01567,2025-05-08,CUST0308,P014,4,0.0,6436.0,1290.21,Website,Credit Card,Delivered
ORD01568,2025-08-27,CUST0487,P012,4,0.05,21648.6,8230.57,Mobile App,Cash on Delivery,Delivered
ORD01569,2025-01-25,CUST0480,P016,2,0.1,11728.8,3411.16,Mobile App,UPI,Delivered
ORD01570,2025-03-13,CUST0281,P020,2,0.2,13497.6,1023.64,Website,Cash on Delivery,Delivered
ORD01571,2025-05-06,CUST0156,P016,4,0.05,24760.8,5586.79,Marketplace,Debit Card,Returned
ORD01572,2025-10-06,CUST0284,P005,2,0.05,25378.3,4299.67,Mobile App,Credit Card,Cancelled
ORD01573,2025-04-11,CUST0039,P014,2,0.05,3057.1,677.65,Marketplace,Net Banking,Delivered
ORD01574,2025-07-11,CUST0619,P013,1,0.2,1167.2,185.31,Mobile App,Cash on Delivery,Returned
ORD01575,2025-09-24,CUST0352,P018,3,0.15,22730.7,4164.49,Marketplace,Cash on Delivery,Delivered
ORD01576,2025-12-20,CUST0183,P010,1,0.2,8964.0,-168.64,Website,Cash on Delivery,Returned
ORD01577,2025-05-21,CUST0255,P012,2,0.1,10254.6,3038.75,Marketplace,Net Banking,Delivered
ORD01578,2025-10-30,CUST0419,P007,1,0.0,9806.0,2158.41,Mobile App,Debit Card,Delivered
ORD01579,2025-11-11,CUST0637,P016,1,0.15,5538.6,767.42,Website,Cash on Delivery,Returned
ORD01580,2025-12-15,CUST0328,P005,1,0.1,12021.3,3222.63,Mobile App,Cash on Delivery,Cancelled
ORD01581,2025-12-10,CUST0336,P014,2,0.05,3057.1,943.43,Website,Cash on Delivery,Cancelled
ORD01582,2025-03-16,CUST0491,P004,1,0.1,37203.3,10082.2,Website,UPI,Returned
ORD01583,2025-03-16,CUST0421,P013,3,0.15,3720.45,509.41,Mobile App,Credit Card,Delivered
ORD01584,2025-03-30,CUST0627,P007,1,0.2,7844.8,151.6,Marketplace,Debit Card,Cancelled
ORD01585,2025-02-22,CUST0580,P009,2,0.1,2408.4,199.13,Mobile App,UPI,Delivered
ORD01586,2025-11-22,CUST0080,P011,3,0.1,9795.6,776.94,Website,UPI,Delivered
ORD01587,2025-08-05,CUST0631,P001,3,0.0,169455.0,63011.53,Marketplace,Debit Card,Delivered
ORD01588,2025-08-28,CUST0493,P017,3,0.15,17194.65,655.98,Marketplace,Cash on Delivery,Cancelled
ORD01589,2025-12-18,CUST0078,P006,3,0.2,28711.2,-252.73,Website,Net Banking,Delivered
ORD01590,2025-03-02,CUST0481,P002,1,0.0,38725.0,14155.48,Marketplace,Debit Card,Delivered
ORD01591,2025-04-01,CUST0589,P015,1,0.1,6839.1,2385.25,Website,Net Banking,Delivered
ORD01592,2025-06-06,CUST0363,P016,1,0.0,6516.0,1851.3,Website,Debit Card,Delivered
ORD01593,2025-10-26,CUST0193,P013,1,0.15,1240.15,53.93,Mobile App,Net Banking,Delivered
ORD01594,2025-02-16,CUST0641,P020,1,0.1,7592.4,2071.58,Mobile App,UPI,Cancelled
ORD01595,2025-04-10,CUST0191,P009,2,0.0,2676.0,474.85,Website,Credit Card,Delivered
ORD01596,2025-10-12,CUST0276,P017,4,0.05,25623.4,3412.42,Marketplace,Credit Card,Cancelled
ORD01597,2025-04-14,CUST0068,P010,4,0.0,44820.0,15315.31,Website,Credit Card,Delivered
ORD01598,2025-02-05,CUST0695,P020,4,0.05,32056.8,5549.98,Marketplace,Credit Card,Cancelled
ORD01599,2025-08-12,CUST0413,P009,3,0.15,3411.9,905.41,Marketplace,Credit Card,Delivered
ORD01600,2025-10-05,CUST0458,P012,1,0.05,5412.15,1390.42,Mobile App,Net Banking,Delivered
ORD01601,2025-08-24,CUST0398,P017,1,0.1,6068.7,622.97,Marketplace,Credit Card,Delivered
ORD01602,2025-11-29,CUST0674,P020,3,0.1,22777.2,5149.5,Marketplace,Net Banking,Cancelled
ORD01603,2025-02-15,CUST0351,P019,1,0.1,6384.6,480.53,Marketplace,UPI,Delivered
ORD01604,2025-06-29,CUST0365,P016,3,0.05,18570.6,7050.98,Marketplace,Credit Card,Cancelled
ORD01605,2025-04-15,CUST0279,P012,1,0.0,5697.0,1650.89,Mobile App,Net Banking,Delivered
ORD01606,2025-04-14,CUST0578,P007,3,0.0,29418.0,7943.04,Website,Debit Card,Delivered
ORD01607,2025-08-29,CUST0030,P006,1,0.2,9570.4,85.34,Mobile App,Net Banking,Delivered
ORD01608,2025-09-14,CUST0673,P005,3,0.1,36063.9,10819.26,Marketplace,Credit Card,Cancelled
ORD01609,2025-03-09,CUST0665,P012,4,0.0,22788.0,8870.21,Website,UPI,Delivered
ORD01610,2025-12-03,CUST0030,P009,1,0.1,1204.2,283.68,Website,Cash on Delivery,Delivered
ORD01611,2025-07-16,CUST0031,P018,2,0.1,16045.2,3800.64,Mobile App,Credit Card,Delivered
ORD01612,2025-05-29,CUST0600,P011,2,0.1,6530.4,929.12,Marketplace,UPI,Returned
ORD01613,2025-12-29,CUST0660,P020,1,0.15,7170.6,649.25,Website,Net Banking,Cancelled
ORD01614,2025-04-06,CUST0280,P004,3,0.15,105409.35,21177.12,Mobile App,Cash on Delivery,Delivered
ORD01615,2025-07-27,CUST0373,P011,2,0.0,7256.0,2235.67,Mobile App,Cash on Delivery,Delivered
ORD01616,2025-03-11,CUST0070,P013,1,0.2,1167.2,-40.44,Mobile App,Cash on Delivery,Cancelled
ORD01617,2025-08-24,CUST0141,P015,1,0.2,6079.2,761.39,Website,Credit Card,Delivered
ORD01618,2025-12-02,CUST0005,P013,1,0.15,1240.15,106.77,Mobile App,UPI,Delivered
ORD01619,2025-02-23,CUST0108,P015,4,0.1,27356.4,9002.05,Website,Net Banking,Delivered
ORD01620,2025-12-30,CUST0258,P009,1,0.05,1271.1,310.08,Website,UPI,Returned
ORD01621,2025-05-03,CUST0435,P003,1,0.15,7892.25,840.39,Marketplace,Credit Card,Cancelled
ORD01622,2025-09-07,CUST0503,P006,4,0.15,40674.2,3516.29,Website,Credit Card,Delivered
ORD01623,2025-10-14,CUST0337,P018,3,0.2,21393.6,-150.52,Website,Cash on Delivery,Delivered
ORD01624,2025-10-27,CUST0686,P001,1,0.0,56485.0,22376.39,Website,Cash on Delivery,Returned
ORD01625,2025-09-17,CUST0109,P014,2,0.0,3218.0,608.49,Mobile App,Debit Card,Returned
ORD01626,2025-10-29,CUST0198,P001,2,0.0,112970.0,40193.3,Marketplace,Cash on Delivery,Cancelled
ORD01627,2025-09-22,CUST0498,P009,4,0.2,4281.6,238.73,Marketplace,UPI,Cancelled
ORD01628,2025-01-24,CUST0411,P015,1,0.05,7219.05,1493.03,Website,Debit Card,Cancelled
ORD01629,2025-07-05,CUST0589,P009,2,0.2,2140.8,417.98,Marketplace,Net Banking,Returned
ORD01630,2025-12-17,CUST0182,P014,1,0.15,1367.65,302.31,Mobile App,Credit Card,Delivered
ORD01631,2025-11-02,CUST0076,P014,4,0.15,5470.6,887.09,Website,Credit Card,Delivered
ORD01632,2025-01-11,CUST0435,P010,1,0.15,9524.25,1979.67,Website,Cash on Delivery,Delivered
ORD01633,2025-05-13,CUST0162,P015,2,0.05,14438.1,2590.01,Marketplace,Cash on Delivery,Cancelled
ORD01634,2025-07-26,CUST0180,P019,1,0.1,6384.6,1345.71,Mobile App,Debit Card,Delivered
ORD01635,2025-12-20,CUST0294,P012,1,0.05,5412.15,1776.03,Mobile App,Debit Card,Delivered
ORD01636,2025-12-11,CUST0237,P011,1,0.05,3446.6,479.53,Marketplace,Debit Card,Delivered
ORD01637,2025-07-06,CUST0517,P014,1,0.1,1448.1,462.53,Mobile App,Cash on Delivery,Returned
ORD01638,2025-05-26,CUST0309,P018,1,0.1,8022.6,1302.88,Website,Cash on Delivery,Delivered
ORD01639,2025-06-11,CUST0103,P010,4,0.15,38097.0,1444.54,Mobile App,UPI,Returned
ORD01640,2025-08-27,CUST0428,P019,2,0.05,13478.6,3111.18,Marketplace,Cash on Delivery,Delivered
ORD01641,2025-04-05,CUST0313,P017,4,0.05,25623.4,3412.96,Marketplace,Credit Card,Delivered
ORD01642,2025-12-27,CUST0602,P017,2,0.15,11463.1,964.34,Mobile App,UPI,Delivered
ORD01643,2025-03-29,CUST0326,P003,2,0.0,18570.0,7777.49,Marketplace,Debit Card,Delivered
ORD01644,2025-09-18,CUST0526,P013,1,0.2,1167.2,109.26,Mobile App,Credit Card,Delivered
ORD01645,2025-07-12,CUST0152,P005,2,0.0,26714.0,8110.11,Marketplace,Credit Card,Delivered
ORD01646,2025-04-10,CUST0372,P016,2,0.0,13032.0,3633.97,Website,Debit Card,Cancelled
ORD01647,2025-06-27,CUST0334,P006,1,0.05,11364.85,2925.12,Website,Net Banking,Delivered
ORD01648,2025-11-12,CUST0089,P014,1,0.0,1609.0,577.19,Mobile App,Net Banking,Cancelled
ORD01649,2025-09-27,CUST0265,P014,3,0.0,4827.0,1213.11,Mobile App,Net Banking,Delivered
ORD01650,2025-06-26,CUST0024,P004,2,0.15,70272.9,17394.11,Website,Cash on Delivery,Returned
ORD01651,2025-11-19,CUST0252,P016,2,0.15,11077.2,2744.6,Mobile App,Cash on Delivery,Delivered
ORD01652,2025-04-17,CUST0411,P001,1,0.0,56485.0,11929.64,Marketplace,Debit Card,Returned
ORD01653,2025-02-07,CUST0569,P006,2,0.1,21533.4,6959.57,Mobile App,Cash on Delivery,Delivered
ORD01654,2025-03-19,CUST0365,P002,2,0.0,77450.0,20518.22,Marketplace,Debit Card,Returned
ORD01655,2025-11-23,CUST0484,P017,1,0.0,6743.0,2472.82,Mobile App,Credit Card,Returned
ORD01656,2025-07-27,CUST0491,P011,1,0.1,3265.2,892.07,Website,Debit Card,Returned
ORD01657,2025-11-25,CUST0408,P003,3,0.05,26462.25,5951.13,Marketplace,Net Banking,Delivered
ORD01658,2025-10-13,CUST0084,P017,2,0.1,12137.4,1754.54,Mobile App,Credit Card,Cancelled
ORD01659,2025-06-20,CUST0353,P013,4,0.05,5544.2,1495.0,Mobile App,Credit Card,Cancelled
ORD01660,2025-11-03,CUST0264,P004,1,0.1,37203.3,10071.31,Marketplace,UPI,Delivered
ORD01661,2025-09-10,CUST0420,P010,1,0.0,11205.0,4380.37,Website,Net Banking,Delivered
ORD01662,2025-08-16,CUST0124,P011,1,0.0,3628.0,889.12,Website,Debit Card,Delivered
ORD01663,2025-01-21,CUST0474,P011,4,0.0,14512.0,4081.97,Website,Cash on Delivery,Delivered
ORD01664,2025-11-04,CUST0604,P009,2,0.05,2542.2,404.75,Website,Credit Card,Returned
ORD01665,2025-09-18,CUST0260,P012,1,0.15,4842.45,499.89,Mobile App,Debit Card,Returned
ORD01666,2025-11-05,CUST0312,P019,3,0.1,19153.8,4253.81,Website,Cash on Delivery,Cancelled
ORD01667,2025-09-29,CUST0648,P003,2,0.05,17641.5,5965.05,Website,UPI,Delivered
ORD01668,2025-09-25,CUST0163,P003,1,0.0,9285.0,3534.46,Marketplace,Credit Card,Delivered
ORD01669,2025-04-14,CUST0149,P014,1,0.05,1528.55,541.53,Mobile App,Debit Card,Delivered
ORD01670,2025-03-12,CUST0154,P001,3,0.0,169455.0,69542.77,Mobile App,UPI,Delivered
ORD01671,2025-03-25,CUST0631,P006,2,0.15,20337.1,4431.43,Website,Net Banking,Returned
ORD01672,2025-12-03,CUST0426,P007,2,0.0,19612.0,8010.17,Marketplace,Net Banking,Returned
ORD01673,2025-04-28,CUST0557,P002,1,0.1,34852.5,7597.74,Marketplace,Net Banking,Returned
ORD01674,2025-12-25,CUST0311,P019,3,0.1,19153.8,3285.61,Website,Debit Card,Delivered
ORD01675,2025-01-08,CUST0303,P014,2,0.0,3218.0,753.82,Website,UPI,Cancelled
ORD01676,2025-07-14,CUST0209,P004,1,0.05,39270.15,6163.97,Marketplace,Net Banking,Delivered
ORD01677,2025-04-25,CUST0341,P016,4,0.1,23457.6,2151.97,Marketplace,Debit Card,Delivered
ORD01678,2025-06-29,CUST0597,P006,3,0.15,30505.65,3582.0,Website,Cash on Delivery,Cancelled
ORD01679,2025-10-18,CUST0009,P014,2,0.15,2735.3,101.28,Website,Cash on Delivery,Returned
ORD01680,2025-05-06,CUST0052,P007,4,0.0,39224.0,14508.85,Mobile App,Net Banking,Delivered
ORD01681,2025-06-02,CUST0056,P001,3,0.15,144036.75,33579.41,Mobile App,Net Banking,Delivered
ORD01682,2025-09-07,CUST0301,P018,2,0.0,17828.0,6455.97,Marketplace,UPI,Delivered
ORD01683,2025-10-19,CUST0401,P006,1,0.2,9570.4,2152.83,Mobile App,UPI,Cancelled
ORD01684,2025-08-19,CUST0133,P014,2,0.2,2574.4,14.91,Marketplace,Cash on Delivery,Delivered
ORD01685,2025-08-21,CUST0496,P011,2,0.2,5804.8,805.08,Website,Debit Card,Delivered
ORD01686,2025-07-16,CUST0185,P018,2,0.2,14262.4,-393.01,Mobile App,Credit Card,Delivered
ORD01687,2025-07-13,CUST0297,P015,2,0.2,12158.4,1601.16,Mobile App,Debit Card,Delivered
ORD01688,2025-09-30,CUST0436,P014,1,0.0,1609.0,404.0,Mobile App,Net Banking,Returned
ORD01689,2025-11-19,CUST0452,P006,3,0.0,35889.0,8908.82,Marketplace,UPI,Delivered
ORD01690,2025-06-29,CUST0307,P002,3,0.05,110366.25,23255.47,Website,Net Banking,Delivered
ORD01691,2025-08-21,CUST0525,P018,2,0.1,16045.2,3435.52,Mobile App,Debit Card,Cancelled
ORD01692,2025-07-31,CUST0272,P001,2,0.0,112970.0,25332.65,Marketplace,Debit Card,Delivered
ORD01693,2025-09-07,CUST0421,P008,1,0.05,6080.0,872.57,Marketplace,Credit Card,Delivered
ORD01694,2025-07-07,CUST0675,P001,2,0.1,101673.0,11327.92,Mobile App,Credit Card,Returned
ORD01695,2025-09-19,CUST0029,P001,1,0.1,50836.5,15200.48,Website,Debit Card,Delivered
ORD01696,2025-05-18,CUST0059,P018,1,0.2,7131.2,1533.54,Mobile App,Cash on Delivery,Returned
ORD01697,2025-10-05,CUST0528,P016,1,0.2,5212.8,195.67,Website,Credit Card,Delivered
ORD01698,2025-12-27,CUST0383,P010,1,0.2,8964.0,384.83,Marketplace,Credit Card,Delivered
ORD01699,2025-12-16,CUST0429,P013,1,0.1,1313.1,213.35,Website,UPI,Delivered
ORD01700,2025-01-04,CUST0239,P005,1,0.1,12021.3,1392.91,Website,Net Banking,Cancelled
ORD01701,2025-12-07,CUST0368,P019,4,0.05,26957.2,8094.46,Website,Cash on Delivery,Delivered
ORD01702,2025-02-18,CUST0108,P004,1,0.05,39270.15,11940.24,Website,Credit Card,Delivered
ORD01703,2025-10-08,CUST0457,P014,2,0.05,3057.1,595.69,Mobile App,Cash on Delivery,Cancelled
ORD01704,2025-02-14,CUST0598,P005,4,0.0,53428.0,21412.83,Website,Debit Card,Returned
ORD01705,2025-08-18,CUST0113,P010,1,0.2,8964.0,1930.07,Marketplace,Cash on Delivery,Returned
ORD01706,2025-04-15,CUST0090,P016,3,0.15,16615.8,2931.15,Marketplace,Debit Card,Delivered
ORD01707,2025-01-08,CUST0627,P007,1,0.1,8825.4,1414.95,Website,Credit Card,Returned
ORD01708,2025-10-27,CUST0573,P004,1,0.0,41337.0,17005.45,Marketplace,Credit Card,Delivered
ORD01709,2025-01-08,CUST0041,P019,1,0.05,6739.3,826.08,Mobile App,UPI,Delivered
ORD01710,2025-02-18,CUST0537,P011,1,0.05,3446.6,779.47,Website,Debit Card,Delivered
ORD01711,2025-01-20,CUST0065,P012,1,0.2,4557.6,57.98,Marketplace,Debit Card,Delivered
ORD01712,2025-02-11,CUST0512,P003,2,0.0,18570.0,7002.96,Website,Net Banking,Delivered
ORD01713,2025-06-22,CUST0119,P016,1,0.1,5864.4,553.72,Marketplace,Net Banking,Delivered
ORD01714,2025-08-04,CUST0314,P019,2,0.15,12059.8,3557.43,Mobile App,Debit Card,Delivered
ORD01715,2025-09-13,CUST0271,P009,2,0.0,2676.0,868.99,Marketplace,UPI,Cancelled
ORD01716,2025-01-29,CUST0149,P015,4,0.15,25836.6,5846.12,Mobile App,Cash on Delivery,Delivered
ORD01717,2025-10-03,CUST0101,P020,1,0.15,7170.6,291.34,Marketplace,Net Banking,Cancelled
ORD01718,2025-09-27,CUST0195,P013,1,0.15,1240.15,275.42,Marketplace,UPI,Delivered
ORD01719,2025-04-20,CUST0455,P019,1,0.2,5675.2,174.05,Website,Net Banking,Delivered
ORD01720,2025-04-10,CUST0422,P002,1,0.05,36788.75,4391.8,Marketplace,Net Banking,Delivered
ORD01721,2025-03-03,CUST0135,P011,2,0.0,7256.0,2414.29,Mobile App,UPI,Delivered
ORD01722,2025-08-07,CUST0697,P006,2,0.15,20337.1,983.31,Mobile App,Net Banking,Delivered
ORD01723,2025-01-24,CUST0667,P016,2,0.0,13032.0,5415.81,Marketplace,Net Banking,Delivered
ORD01724,2025-08-25,CUST0504,P017,3,0.05,19217.55,6402.71,Website,Cash on Delivery,Delivered
ORD01725,2025-10-09,CUST0514,P016,2,0.15,11077.2,2337.53,Marketplace,Debit Card,Delivered
ORD01726,2025-03-31,CUST0380,P004,2,0.15,70272.9,1082.78,Website,UPI,Returned
ORD01727,2025-06-28,CUST0360,P018,1,0.0,8914.0,1731.46,Website,Debit Card,Returned
ORD01728,2025-09-28,CUST0353,P002,1,0.15,32916.25,8523.22,Marketplace,Cash on Delivery,Delivered
ORD01729,2025-03-27,CUST0644,P016,4,0.0,26064.0,8032.48,Mobile App,Cash on Delivery,Cancelled
ORD01730,2025-10-05,CUST0252,P018,1,0.05,8468.3,1678.38,Website,Credit Card,Returned
ORD01731,2025-12-08,CUST0656,P016,2,0.05,12380.4,2685.35,Website,Net Banking,Delivered
ORD01732,2025-03-08,CUST0618,P002,1,0.0,38725.0,11445.13,Website,Cash on Delivery,Returned
ORD01733,2025-01-27,CUST0351,P019,1,0.0,7094.0,1267.49,Mobile App,Net Banking,Cancelled
ORD01734,2025-10-19,CUST0289,P005,3,0.05,38067.45,9641.66,Mobile App,Cash on Delivery,Delivered
ORD01735,2025-08-30,CUST0334,P015,1,0.15,6459.15,628.19,Marketplace,Credit Card,Delivered
ORD01736,2025-06-11,CUST0383,P011,2,0.2,5804.8,963.71,Website,UPI,Delivered
ORD01737,2025-02-20,CUST0670,P013,1,0.05,1386.05,268.69,Marketplace,UPI,Delivered
ORD01738,2025-06-30,CUST0453,P012,1,0.1,5127.3,1498.79,Marketplace,Cash on Delivery,Delivered
ORD01739,2025-04-01,CUST0294,P015,1,0.05,7219.05,1854.8,Mobile App,Debit Card,Cancelled
ORD01740,2025-10-10,CUST0582,P013,3,0.05,4158.15,669.71,Mobile App,Net Banking,Delivered
ORD01741,2025-09-29,CUST0424,P016,1,0.15,5538.6,829.38,Website,Credit Card,Delivered
ORD01742,2025-07-21,CUST0676,P011,4,0.0,14512.0,2999.5,Marketplace,Net Banking,Delivered
ORD01743,2025-03-19,CUST0354,P003,2,0.05,17641.5,5077.77,Mobile App,Cash on Delivery,Returned
ORD01744,2025-12-31,CUST0015,P001,4,0.05,214643.0,64598.56,Mobile App,Net Banking,Delivered
ORD01745,2025-06-04,CUST0191,P007,1,0.2,7844.8,1513.85,Marketplace,Net Banking,Returned
ORD01746,2025-01-20,CUST0450,P016,3,0.0,19548.0,3154.57,Marketplace,Cash on Delivery,Cancelled
ORD01747,2025-05-31,CUST0236,P007,1,0.15,8335.1,718.87,Mobile App,Debit Card,Returned
ORD01748,2025-09-16,CUST0619,P007,1,0.2,7844.8,1572.71,Mobile App,Cash on Delivery,Delivered
ORD01749,2025-02-26,CUST0033,P003,3,0.05,26462.25,3528.68,Website,Debit Card,Delivered
ORD01750,2025-11-27,CUST0525,P015,1,0.2,6079.2,-162.44,Marketplace,Net Banking,Delivered
ORD01751,2025-08-29,CUST0207,P005,2,0.05,25378.3,6167.6,Mobile App,Cash on Delivery,Delivered
ORD01752,2025-08-05,CUST0373,P005,1,0.0,13357.0,3742.39,Marketplace,Credit Card,Delivered
ORD01753,2025-05-30,CUST0218,P013,2,0.0,2918.0,1083.88,Website,Net Banking,Delivered
ORD01754,2025-03-22,CUST0453,P017,4,0.1,24274.8,5351.3,Mobile App,Net Banking,Cancelled
ORD01755,2025-12-13,CUST0430,P002,2,0.1,69705.0,23731.45,Mobile App,Cash on Delivery,Delivered
ORD01756,2025-05-21,CUST0496,P011,2,0.2,5804.8,882.58,Marketplace,Credit Card,Delivered
ORD01757,2025-08-09,CUST0491,P017,3,0.1,18206.1,3747.16,Website,Net Banking,Delivered
ORD01758,2025-11-22,CUST0247,P002,1,0.1,34852.5,11136.24,Marketplace,Cash on Delivery,Delivered
ORD01759,2025-10-26,CUST0143,P008,1,0.15,5440.0,452.02,Mobile App,Net Banking,Delivered
ORD01760,2025-12-02,CUST0635,P010,2,0.05,21289.5,3355.5,Website,UPI,Cancelled
ORD01761,2025-05-20,CUST0517,P016,2,0.05,12380.4,4461.67,Mobile App,Cash on Delivery,Cancelled
ORD01762,2025-02-26,CUST0410,P005,2,0.0,26714.0,11096.1,Website,Credit Card,Delivered
ORD01763,2025-02-14,CUST0002,P005,4,0.2,42742.4,845.72,Mobile App,Credit Card,Returned
ORD01764,2025-11-17,CUST0336,P010,3,0.05,31934.25,10278.4,Marketplace,Cash on Delivery,Delivered
ORD01765,2025-09-24,CUST0620,P002,3,0.0,116175.0,25342.59,Marketplace,UPI,Cancelled
ORD01766,2025-06-14,CUST0589,P001,1,0.15,48012.25,4028.11,Marketplace,Debit Card,Cancelled
ORD01767,2025-09-25,CUST0503,P007,1,0.0,9806.0,3524.36,Marketplace,UPI,Cancelled
ORD01768,2025-06-27,CUST0364,P016,2,0.05,12380.4,2273.46,Marketplace,Net Banking,Delivered
ORD01769,2025-11-18,CUST0270,P017,1,0.1,6068.7,2099.26,Website,Credit Card,Cancelled
ORD01770,2025-05-06,CUST0445,P003,1,0.05,8820.75,1232.02,Marketplace,UPI,Delivered
ORD01771,2025-02-05,CUST0280,P013,1,0.2,1167.2,63.73,Marketplace,UPI,Delivered
ORD01772,2025-11-02,CUST0666,P017,3,0.0,20229.0,5202.76,Website,Net Banking,Delivered
ORD01773,2025-01-25,CUST0259,P018,1,0.15,7576.9,2058.49,Mobile App,UPI,Delivered
ORD01774,2025-02-23,CUST0054,P017,1,0.05,6405.85,1065.28,Website,Debit Card,Delivered
ORD01775,2025-04-11,CUST0048,P011,3,0.0,10884.0,4205.27,Marketplace,Net Banking,Delivered
ORD01776,2025-10-09,CUST0447,P010,2,0.05,21289.5,4441.63,Marketplace,UPI,Returned
ORD01777,2025-02-02,CUST0586,P016,2,0.15,11077.2,2167.03,Mobile App,Net Banking,Cancelled
ORD01778,2025-10-25,CUST0654,P015,1,0.05,7219.05,2769.11,Marketplace,Cash on Delivery,Returned
ORD01779,2025-08-23,CUST0415,P020,1,0.0,8436.0,2010.39,Mobile App,Cash on Delivery,Delivered
ORD01780,2025-01-31,CUST0131,P001,1,0.0,56485.0,13688.57,Website,Credit Card,Cancelled
ORD01781,2025-10-30,CUST0108,P019,1,0.1,6384.6,853.54,Marketplace,Debit Card,Delivered
ORD01782,2025-04-16,CUST0574,P020,3,0.0,25308.0,5320.36,Marketplace,Credit Card,Delivered
ORD01783,2025-10-20,CUST0194,P019,2,0.2,11350.4,914.34,Marketplace,Debit Card,Delivered
ORD01784,2025-01-05,CUST0303,P010,1,0.2,8964.0,2152.57,Website,Net Banking,Returned
ORD01785,2025-04-07,CUST0473,P008,2,0.15,10880.0,255.45,Website,UPI,Cancelled
ORD01786,2025-10-21,CUST0019,P011,3,0.15,9251.4,470.69,Marketplace,Cash on Delivery,Delivered
ORD01787,2025-01-28,CUST0259,P001,3,0.0,169455.0,61675.33,Website,Credit Card,Returned
ORD01788,2025-04-06,CUST0519,P005,1,0.15,11353.45,2071.51,Mobile App,Net Banking,Delivered
ORD01789,2025-06-12,CUST0300,P009,1,0.1,1204.2,206.7,Marketplace,UPI,Returned
ORD01790,2025-08-07,CUST0203,P007,2,0.05,18631.4,3972.74,Website,Cash on Delivery,Delivered
ORD01791,2025-11-26,CUST0425,P002,2,0.05,73577.5,20247.98,Website,Debit Card,Delivered
ORD01792,2025-08-27,CUST0211,P014,1,0.2,1287.2,68.51,Mobile App,Cash on Delivery,Delivered
ORD01793,2025-07-30,CUST0301,P008,2,0.05,12160.0,4607.11,Mobile App,Cash on Delivery,Cancelled
ORD01794,2025-05-08,CUST0150,P010,2,0.1,20169.0,4446.84,Mobile App,Cash on Delivery,Returned
ORD01795,2025-04-26,CUST0488,P011,3,0.1,9795.6,1075.42,Marketplace,Credit Card,Delivered
ORD01796,2025-07-05,CUST0636,P018,3,0.1,24067.8,2472.75,Marketplace,Cash on Delivery,Returned
ORD01797,2025-05-01,CUST0515,P004,1,0.05,39270.15,13879.44,Website,Cash on Delivery,Returned
ORD01798,2025-07-17,CUST0260,P020,2,0.1,15184.8,3360.1,Website,Debit Card,Delivered
ORD01799,2025-09-27,CUST0168,P005,1,0.2,10685.6,152.15,Mobile App,UPI,Delivered
ORD01800,2025-01-26,CUST0042,P002,3,0.0,116175.0,35833.7,Mobile App,Cash on Delivery,Returned
